B2	=C29 & " and " & C21	Virtual current salary and Training speed
C3	=VLOOKUP("Select player to analyze:",Dict!$A$5:OFFSET(Dict!$B$5,Dict!$B$3-1,0),2,0)	Select player to analyze:
D3	=CoachParrot!G$20	JS
E3	=CoachParrot!H$20	JR
F3	=CoachParrot!I$20	OD
G3	=CoachParrot!J$20	HA
H3	=CoachParrot!K$20	DR
I3	=CoachParrot!L$20	PA
J3	=CoachParrot!M$20	IS
K3	=CoachParrot!N$20	ID
L3	=CoachParrot!O$20	RB
M3	=CoachParrot!P$20	SB
N3	=CoachParrot!Q$20	ST
O3	=CoachParrot!R$20	FT
P3	=CoachParrot!T$20	GS
Q3	=VLOOKUP("Age",Dict!$A$5:OFFSET(Dict!$B$5,Dict!$B$3-1,0),2,0)	Age
R3	=VLOOKUP("Height",Dict!$A$5:OFFSET(Dict!$B$5,Dict!$B$3-1,0),2,0)	Height
U3	=IF(V3=V5,U5,IF(V3=V6,U6,IF(V3=V7,U7,IF(V3=V8,U8,U9))))	SG
V3	=MAX(V5:V9)	1532.7829359599916
AA3	=CoachParrot!B10	Enthusiasm
D4	=VLOOKUP($C4,MyData!$B$10:$T$52,COLUMN(),0)	5
E4	=VLOOKUP($C4,MyData!$B$10:$T$52,COLUMN(),0)	5
F4	=VLOOKUP($C4,MyData!$B$10:$T$52,COLUMN(),0)	4
G4	=VLOOKUP($C4,MyData!$B$10:$T$52,COLUMN(),0)	3
H4	=VLOOKUP($C4,MyData!$B$10:$T$52,COLUMN(),0)	2
I4	=VLOOKUP($C4,MyData!$B$10:$T$52,COLUMN(),0)	5
J4	=VLOOKUP($C4,MyData!$B$10:$T$52,COLUMN(),0)	3
K4	=VLOOKUP($C4,MyData!$B$10:$T$52,COLUMN(),0)	2
L4	=VLOOKUP($C4,MyData!$B$10:$T$52,COLUMN(),0)	3
M4	=VLOOKUP($C4,MyData!$B$10:$T$52,COLUMN(),0)	1
N4	=VLOOKUP($C4,MyData!$B$10:$T$52,COLUMN(),0)	8
O4	=VLOOKUP($C4,MyData!$B$10:$T$52,COLUMN(),0)	6
P4	=VLOOKUP($C4,MyData!$B$10:$T$52,COLUMN()+1,0)	9
Q4	=VLOOKUP($C4,MyData!$B$10:$T$52,1+COLUMN(),0)	27
R4	=IF(MyData!$C$5="ft",VLOOKUP(VLOOKUP($C4,MyData!$B$10:$T$52,1+COLUMN(),0),$F$100:$G$121,2),VLOOKUP($C4,MyData!$B$10:$T$52,1+COLUMN(),0))	201
AC4	=CoachParrot!AT10	ENT
AD4	=VLOOKUP("Edit:",Dict!$A$5:OFFSET(Dict!$B$5,Dict!$B$3-1,0),2,0)	Edit:
AE4	=VLOOKUP("Used",Dict!$A$5:OFFSET(Dict!$B$5,Dict!$B$3-1,0),2,0)	Used
AF4	=VLOOKUP("Effort",Dict!$A$5:OFFSET(Dict!$B$5,Dict!$B$3-1,0),2,0)	Effort
AJ4	=VLOOKUP("Space for Notes",Dict!$A$5:OFFSET(Dict!$B$5,Dict!$B$3-1,0),2,0)	Space for Notes
C5	=VLOOKUP("$ increase for 1 full level of:",Dict!$A$5:OFFSET(Dict!$B$5,Dict!$B$3-1,0),2,0)	$ increase for 1 full level of:
R5	=VLOOKUP("Potential",Dict!$A$5:OFFSET(Dict!$B$5,Dict!$B$3-1,0),2,0)	Potential
U5	=Calcs!A3	PG
V5	=Calcs!V285*MIN(Coeff!$AA$2-Coeff!$AA$3*LN(Calcs!V285),Coeff!$AA$4-Coeff!$AA$5*LN(Calcs!V285))	1348.7406451685513
AA5	=VLOOKUP("round",Dict!$A$5:OFFSET(Dict!$B$5,Dict!$B$3-1,0),2,0)	round
AE5	=IF(ISNUMBER(AD5),AD5,AC5)	5
AG5	=AE5*IF(AF5=$AF$102,4/3,IF(AF5=$AF$103,0.5,1))	6.666666666666666
AH5	=(5+(AG5-5)*Coeff!$BK$12*EXP(-ABS(AG5-5)*Coeff!$BK$13))	6.545630614884063
AI5	=(5+(AH5-5)*Coeff!$BK$12*EXP(-ABS(AH5-5)*Coeff!$BK$13))	6.436278836851628
C6	="+1" & D$3 & ":"	+1JS:
D6	=Calcs!D286*MIN(Coeff!$AA$2-Coeff!$AA$3*LN(Calcs!D286),Coeff!$AA$4-Coeff!$AA$5*LN(Calcs!D286))-$V$3	183.5677501820967
F6	="1" & G$3 & ":"	1HA:
G6	=Calcs!G286*MIN(Coeff!$AA$2-Coeff!$AA$3*LN(Calcs!G286),Coeff!$AA$4-Coeff!$AA$5*LN(Calcs!G286))-$V$3	0
I6	="+1" & J$3 & ":"	+1IS:
J6	=Calcs!J286*MIN(Coeff!$AA$2-Coeff!$AA$3*LN(Calcs!J286),Coeff!$AA$4-Coeff!$AA$5*LN(Calcs!J286))-$V$3	0
L6	="1" & M$3 & ":"	1SB:
M6	=Calcs!M286*MIN(Coeff!$AA$2-Coeff!$AA$3*LN(Calcs!M286),Coeff!$AA$4-Coeff!$AA$5*LN(Calcs!M286))-$V$3	0
R6	=IF(ISNUMBER(VLOOKUP($C4,MyData!$B$10:$U$52,2+COLUMN(),0)),(VLOOKUP($C4,MyData!$B$10:$U$52,2+COLUMN(),0)),99)	0
U6	=Calcs!A4	SG
V6	=Calcs!V286*MIN(Coeff!$AA$2-Coeff!$AA$3*LN(Calcs!V286),Coeff!$AA$4-Coeff!$AA$5*LN(Calcs!V286))	1532.7829359599916
AA6	=$AA5	round
AC6	=(5+(AI5-5)*Coeff!$BK$12*EXP(-ABS(AI5-5)*Coeff!$BK$13))	6.337098266668223
AE6	=IF(ISNUMBER(AD6),AD6,AC6)	6.337098266668223
AG6	=AE6*IF(AF6=$AF$102,4/3,IF(AF6=$AF$103,0.5,1))	3.1685491333341114
AH6	=(5+(AG6-5)*Coeff!$BK$12*EXP(-ABS(AG6-5)*Coeff!$BK$13))	3.306210305909125
D7	="+1" & E$3 & ":"	+1JR:
E7	=Calcs!E287*MIN(Coeff!$AA$2-Coeff!$AA$3*LN(Calcs!E287),Coeff!$AA$4-Coeff!$AA$5*LN(Calcs!E287))-$V$3	195.2863753014244
G7	="1" & H$3 & ":"	1DR:
H7	=Calcs!H287*MIN(Coeff!$AA$2-Coeff!$AA$3*LN(Calcs!H287),Coeff!$AA$4-Coeff!$AA$5*LN(Calcs!H287))-$V$3	0
J7	="+1" & K$3 & ":"	+1ID:
K7	=Calcs!K287*MIN(Coeff!$AA$2-Coeff!$AA$3*LN(Calcs!K287),Coeff!$AA$4-Coeff!$AA$5*LN(Calcs!K287))-$V$3	18.911774476161554
R7	=VLOOKUP("now at",Dict!$A$5:OFFSET(Dict!$B$5,Dict!$B$3-1,0),2,0) & ":"	now at:
U7	=Calcs!A5	SF
V7	=Calcs!V287*MIN(Coeff!$AA$2-Coeff!$AA$3*LN(Calcs!V287),Coeff!$AA$4-Coeff!$AA$5*LN(Calcs!V287))	1460.619854216873
AA7	=VLOOKUP("cup/scr",Dict!$A$5:OFFSET(Dict!$B$5,Dict!$B$3-1,0),2,0)	cup/scr
AC7	=(5+(AH6-5)*Coeff!$BK$12*EXP(-ABS(AH6-5)*Coeff!$BK$13))	3.4299259893031735
AE7	=IF(ISNUMBER(AD7),AD7,AC7)	3.4299259893031735
AG7	=AE7*IF(AF7=$AF$102,4/3,IF(AF7=$AF$103,0.5,1))	3.4299259893031735
AH7	=(5+(AG7-5)*Coeff!$BK$12*EXP(-ABS(AG7-5)*Coeff!$BK$13))	3.5416013704314357
E8	="+1" & F$3 & ":"	+1OD:
F8	=Calcs!F288*MIN(Coeff!$AA$2-Coeff!$AA$3*LN(Calcs!F288),Coeff!$AA$4-Coeff!$AA$5*LN(Calcs!F288))-$V$3	205.5373633117497
H8	="1" & I$3 & ":"	1PA:
I8	=Calcs!I288*MIN(Coeff!$AA$2-Coeff!$AA$3*LN(Calcs!I288),Coeff!$AA$4-Coeff!$AA$5*LN(Calcs!I288))-$V$3	22.62340564678516
K8	="1" & L$3 & ":"	1RB:
L8	=Calcs!L288*MIN(Coeff!$AA$2-Coeff!$AA$3*LN(Calcs!L288),Coeff!$AA$4-Coeff!$AA$5*LN(Calcs!L288))-$V$3	102.90754227921116
R8	=MAX(Calcs!X285:X289)	-0.10499999999999998
U8	=Calcs!A6	PF
V8	=Calcs!V288*MIN(Coeff!$AA$2-Coeff!$AA$3*LN(Calcs!V288),Coeff!$AA$4-Coeff!$AA$5*LN(Calcs!V288))	861.561183949896
AA8	=AA5	round
AC8	=(5+(AH7-5)*Coeff!$BK$12*EXP(-ABS(AH7-5)*Coeff!$BK$13))	3.6428098355864167
AE8	=IF(ISNUMBER(AD8),AD8,AC8)	3.6428098355864167
AG8	=AE8*IF(AF8=$AF$102,4/3,IF(AF8=$AF$103,0.5,1))	3.6428098355864167
AH8	=(5+(AG8-5)*Coeff!$BK$12*EXP(-ABS(AG8-5)*Coeff!$BK$13))	3.734862493683578
AI8	=(5+(AH8-5)*Coeff!$BK$12*EXP(-ABS(AH8-5)*Coeff!$BK$13))	3.8188608692314903
U9	=Calcs!A7	C
V9	=Calcs!V289*MIN(Coeff!$AA$2-Coeff!$AA$3*LN(Calcs!V289),Coeff!$AA$4-Coeff!$AA$5*LN(Calcs!V289))	669.8524279288044
AA9	=AA6	round
AC9	=(5+(AI8-5)*Coeff!$BK$12*EXP(-ABS(AI8-5)*Coeff!$BK$13))	3.8957373449411055
AE9	=IF(ISNUMBER(AD9),AD9,AC9)	3.8957373449411055
AG9	=AE9*IF(AF9=$AF$102,4/3,IF(AF9=$AF$103,0.5,1))	3.8957373449411055
AH9	=(5+(AG9-5)*Coeff!$BK$12*EXP(-ABS(AG9-5)*Coeff!$BK$13))	3.9662865601266306
AA10	=AA7	cup/scr
AC10	=(5+(AH9-5)*Coeff!$BK$12*EXP(-ABS(AH9-5)*Coeff!$BK$13))	4.031190044856792
AE10	=IF(ISNUMBER(AD10),AD10,AC10)	4.031190044856792
AG10	=AE10*IF(AF10=$AF$102,4/3,IF(AF10=$AF$103,0.5,1))	4.031190044856792
AH10	=(5+(AG10-5)*Coeff!$BK$12*EXP(-ABS(AG10-5)*Coeff!$BK$13))	4.091035734607581
D11	=CoachParrot!G$20	JS
E11	=CoachParrot!H$20	JR
F11	=CoachParrot!I$20	OD
G11	=CoachParrot!J$20	HA
H11	=CoachParrot!K$20	DR
I11	=CoachParrot!L$20	PA
J11	=CoachParrot!M$20	IS
K11	=CoachParrot!N$20	ID
L11	=CoachParrot!O$20	RB
M11	=CoachParrot!P$20	SB
N11	=CoachParrot!Q$20	ST
O11	=CoachParrot!R$20	FT
P11	=CoachParrot!T$20	GS
Q11	=VLOOKUP("Age",Dict!$A$5:OFFSET(Dict!$B$5,Dict!$B$3-1,0),2,0)	Age
R11	=VLOOKUP("Height",Dict!$A$5:OFFSET(Dict!$B$5,Dict!$B$3-1,0),2,0)	Height
U11	=IF(V11=V13,U13,IF(V11=V14,U14,IF(V11=V15,U15,IF(V11=V16,U16,U17))))	SG
V11	=MAX(V13:V17)	1532.7829359599916
AA11	=AA8	round
AC11	=(5+(AH10-5)*Coeff!$BK$12*EXP(-ABS(AH10-5)*Coeff!$BK$13))	4.146333567657189
AE11	=IF(ISNUMBER(AD11),AD11,AC11)	4.146333567657189
AG11	=AE11*IF(AF11=$AF$102,4/3,IF(AF11=$AF$103,0.5,1))	4.146333567657189
AH11	=(5+(AG11-5)*Coeff!$BK$12*EXP(-ABS(AG11-5)*Coeff!$BK$13))	4.197528054731354
AI11	=(5+(AH11-5)*Coeff!$BK$12*EXP(-ABS(AH11-5)*Coeff!$BK$13))	4.245008486443389
C12	=VLOOKUP("Define some attributes:",Dict!$A$5:OFFSET(Dict!$B$5,Dict!$B$3-1,0),2,0)	(Re-)Define some attributes:
V12	=V11-V3	0
AA12	=AA9	round
AC12	=(5+(AI11-5)*Coeff!$BK$12*EXP(-ABS(AI11-5)*Coeff!$BK$13))	4.2891172817022785
AE12	=IF(ISNUMBER(AD12),AD12,AC12)	4.2891172817022785
AG12	=AE12*IF(AF12=$AF$102,4/3,IF(AF12=$AF$103,0.5,1))	4.2891172817022785
AH12	=(5+(AG12-5)*Coeff!$BK$12*EXP(-ABS(AG12-5)*Coeff!$BK$13))	4.330156861198494
C13	=VLOOKUP("Custom designed player",Dict!$A$5:OFFSET(Dict!$B$5,Dict!$B$3-1,0),2,0) & ":"	Custom designed player:
D13	=IF(ISNUMBER(D12),D12,D4)	5
E13	=IF(ISNUMBER(E12),E12,E4)	5
F13	=IF(ISNUMBER(F12),F12,F4)	4
G13	=IF(ISNUMBER(G12),G12,G4)	3
H13	=IF(ISNUMBER(H12),H12,H4)	2
I13	=IF(ISNUMBER(I12),I12,I4)	5
J13	=IF(ISNUMBER(J12),J12,J4)	3
K13	=IF(ISNUMBER(K12),K12,K4)	2
L13	=IF(ISNUMBER(L12),L12,L4)	3
M13	=IF(ISNUMBER(M12),M12,M4)	1
N13	=IF(ISNUMBER(N12),N12,N4)	8
O13	=IF(ISNUMBER(O12),O12,O4)	6
P13	=IF(ISNUMBER(P12),P12,P4)	9
Q13	=IF(ISNUMBER(Q12),Q12,Q4)	27
R13	=IF(ISNUMBER(INT(LEFT(R12,1))),IF(MyData!$C$5="ft",VLOOKUP(R12,$F$100:$G$121,2),R12),R4)	201
U13	=U5	PG
V13	=Calcs!V293*MIN(Coeff!$AA$2-Coeff!$AA$3*LN(Calcs!V293),Coeff!$AA$4-Coeff!$AA$5*LN(Calcs!V293))	1348.7406451685513
AA13	=AA10	cup/scr
AC13	=(5+(AH12-5)*Coeff!$BK$12*EXP(-ABS(AH12-5)*Coeff!$BK$13))	4.368395341840562
AE13	=IF(ISNUMBER(AD13),AD13,AC13)	4.368395341840562
AG13	=AE13*IF(AF13=$AF$102,4/3,IF(AF13=$AF$103,0.5,1))	4.368395341840562
AH13	=(5+(AG13-5)*Coeff!$BK$12*EXP(-ABS(AG13-5)*Coeff!$BK$13))	4.404071281975112
B14	=VLOOKUP(C14,$J$100:$K$132,2,0)	9
D14	=OFFSET(Coeff!$B$224,COLUMN()-COLUMN($D$1),$B14-1)	0
E14	=OFFSET(Coeff!$B$224,COLUMN()-COLUMN($D$1),$B14-1)	0
F14	=OFFSET(Coeff!$B$224,COLUMN()-COLUMN($D$1),$B14-1)	0.5
G14	=OFFSET(Coeff!$B$224,COLUMN()-COLUMN($D$1),$B14-1)	0.05
H14	=OFFSET(Coeff!$B$224,COLUMN()-COLUMN($D$1),$B14-1)	0.05
I14	=OFFSET(Coeff!$B$224,COLUMN()-COLUMN($D$1),$B14-1)	0
J14	=OFFSET(Coeff!$B$224,COLUMN()-COLUMN($D$1),$B14-1)	0
K14	=OFFSET(Coeff!$B$224,COLUMN()-COLUMN($D$1),$B14-1)	0.1
L14	=OFFSET(Coeff!$B$224,COLUMN()-COLUMN($D$1),$B14-1)	0
M14	=OFFSET(Coeff!$B$224,COLUMN()-COLUMN($D$1),$B14-1)	0
N14	=IF(B$14=32,Coeff!AG$245,0)	0
O14	=IF(B$14=33,Coeff!AH$245,0)	0
U14	=U6	SG
V14	=Calcs!V294*MIN(Coeff!$AA$2-Coeff!$AA$3*LN(Calcs!V294),Coeff!$AA$4-Coeff!$AA$5*LN(Calcs!V294))	1532.7829359599916
AA14	=AA11	round
AC14	=(5+(AH13-5)*Coeff!$BK$12*EXP(-ABS(AH13-5)*Coeff!$BK$13))	4.437397657336932
AE14	=IF(ISNUMBER(AD14),AD14,AC14)	4.437397657336932
AG14	=AE14*IF(AF14=$AF$102,4/3,IF(AF14=$AF$103,0.5,1))	4.437397657336932
AH14	=(5+(AG14-5)*Coeff!$BK$12*EXP(-ABS(AG14-5)*Coeff!$BK$13))	4.468565209664064
AI14	=(5+(AH14-5)*Coeff!$BK$12*EXP(-ABS(AH14-5)*Coeff!$BK$13))	4.497745280713203
C15	=Q11 & " " & Q13 & ": x"	Age 27: x
D15	=IF(D14>0,VLOOKUP($Q$13,Coeff!$AJ$214:$AK$236,2,0),"")	
E15	=IF(E14>0,VLOOKUP($Q$13,Coeff!$AJ$214:$AK$236,2,0),"")	
F15	=IF(F14>0,VLOOKUP($Q$13,Coeff!$AJ$214:$AK$236,2,0),"")	0.27
G15	=IF(G14>0,VLOOKUP($Q$13,Coeff!$AJ$214:$AK$236,2,0),"")	0.27
H15	=IF(H14>0,VLOOKUP($Q$13,Coeff!$AJ$214:$AK$236,2,0),"")	0.27
I15	=IF(I14>0,VLOOKUP($Q$13,Coeff!$AJ$214:$AK$236,2,0),"")	
J15	=IF(J14>0,VLOOKUP($Q$13,Coeff!$AJ$214:$AK$236,2,0),"")	
K15	=IF(K14>0,VLOOKUP($Q$13,Coeff!$AJ$214:$AK$236,2,0),"")	0.27
L15	=IF(L14>0,VLOOKUP($Q$13,Coeff!$AJ$214:$AK$236,2,0),"")	
M15	=IF(M14>0,VLOOKUP($Q$13,Coeff!$AJ$214:$AK$236,2,0),"")	
U15	=U7	SF
V15	=Calcs!V295*MIN(Coeff!$AA$2-Coeff!$AA$3*LN(Calcs!V295),Coeff!$AA$4-Coeff!$AA$5*LN(Calcs!V295))	1460.619854216873
AA15	=AA12	round
AC15	=(5+(AI14-5)*Coeff!$BK$12*EXP(-ABS(AI14-5)*Coeff!$BK$13))	4.52509222180739
AE15	=IF(ISNUMBER(AD15),AD15,AC15)	4.52509222180739
AG15	=AE15*IF(AF15=$AF$102,4/3,IF(AF15=$AF$103,0.5,1))	4.52509222180739
AH15	=(5+(AG15-5)*Coeff!$BK$12*EXP(-ABS(AG15-5)*Coeff!$BK$13))	4.55074545142426
C16	=R11 & " " & R13 & "cm: x"	Height 201cm: x
D16	=IF(D14>0,VLOOKUP($R$13,Coeff!$AM$214:$AW$235,1+HLOOKUP($B$14,Coeff!$B$209:$AF$212,4,0),0),"")	
E16	=IF(E14>0,VLOOKUP($R$13,Coeff!$AM$214:$AW$235,1+HLOOKUP($B$14,Coeff!$B$209:$AF$212,4,0),0),"")	
F16	=IF(F14>0,VLOOKUP($R$13,Coeff!$AM$214:$AW$235,1+HLOOKUP($B$14,Coeff!$B$209:$AF$212,4,0),0),"")	0.9999999999999996
G16	=IF(G14>0,VLOOKUP($R$13,Coeff!$AM$214:$AW$235,1+HLOOKUP($B$14,Coeff!$B$209:$AF$212,4,0),0),"")	0.9999999999999996
H16	=IF(H14>0,VLOOKUP($R$13,Coeff!$AM$214:$AW$235,1+HLOOKUP($B$14,Coeff!$B$209:$AF$212,4,0),0),"")	0.9999999999999996
I16	=IF(I14>0,VLOOKUP($R$13,Coeff!$AM$214:$AW$235,1+HLOOKUP($B$14,Coeff!$B$209:$AF$212,4,0),0),"")	
J16	=IF(J14>0,VLOOKUP($R$13,Coeff!$AM$214:$AW$235,1+HLOOKUP($B$14,Coeff!$B$209:$AF$212,4,0),0),"")	
K16	=IF(K14>0,VLOOKUP($R$13,Coeff!$AM$214:$AW$235,1+HLOOKUP($B$14,Coeff!$B$209:$AF$212,4,0),0),"")	0.9999999999999996
L16	=IF(L14>0,VLOOKUP($R$13,Coeff!$AM$214:$AW$235,1+HLOOKUP($B$14,Coeff!$B$209:$AF$212,4,0),0),"")	
M16	=IF(M14>0,VLOOKUP($R$13,Coeff!$AM$214:$AW$235,1+HLOOKUP($B$14,Coeff!$B$209:$AF$212,4,0),0),"")	
U16	=U8	PF
V16	=Calcs!V296*MIN(Coeff!$AA$2-Coeff!$AA$3*LN(Calcs!V296),Coeff!$AA$4-Coeff!$AA$5*LN(Calcs!V296))	861.561183949896
AA16	=AA13	cup/scr
AC16	=(5+(AH15-5)*Coeff!$BK$12*EXP(-ABS(AH15-5)*Coeff!$BK$13))	4.574831219497971
AE16	=IF(ISNUMBER(AD16),AD16,AC16)	4.574831219497971
AG16	=AE16*IF(AF16=$AF$102,4/3,IF(AF16=$AF$103,0.5,1))	4.574831219497971
AH16	=(5+(AG16-5)*Coeff!$BK$12*EXP(-ABS(AG16-5)*Coeff!$BK$13))	4.597464126176588
C17	=VLOOKUP("Elastic effect",Dict!$A$5:OFFSET(Dict!$B$5,Dict!$B$3-1,0),2,0) & ": x"	Elastic effect: x
D17	=IF(D14>0,Coeff!$AZ$226^(D13-SUMPRODUCT($D$13:$M$13,TRANSPOSE(Coeff!B$246:B$255))/Coeff!B$256),"")	
E17	=IF(E14>0,Coeff!$AZ$226^(E13-SUMPRODUCT($D$13:$M$13,TRANSPOSE(Coeff!C$246:C$255))/Coeff!C$256),"")	
F17	=IF(F14>0,Coeff!$AZ$226^(F13-SUMPRODUCT($D$13:$M$13,TRANSPOSE(Coeff!D$246:D$255))/Coeff!D$256),"")	0.8545464097030698
G17	=IF(G14>0,Coeff!$AZ$226^(G13-SUMPRODUCT($D$13:$M$13,TRANSPOSE(Coeff!E$246:E$255))/Coeff!E$256),"")	1
H17	=IF(H14>0,Coeff!$AZ$226^(H13-SUMPRODUCT($D$13:$M$13,TRANSPOSE(Coeff!F$246:F$255))/Coeff!F$256),"")	1.2075836251660426
I17	=IF(I14>0,Coeff!$AZ$226^(I13-SUMPRODUCT($D$13:$M$13,TRANSPOSE(Coeff!G$246:G$255))/Coeff!G$256),"")	
J17	=IF(J14>0,Coeff!$AZ$226^(J13-SUMPRODUCT($D$13:$M$13,TRANSPOSE(Coeff!H$246:H$255))/Coeff!H$256),"")	
K17	=IF(K14>0,Coeff!$AZ$226^(K13-SUMPRODUCT($D$13:$M$13,TRANSPOSE(Coeff!I$246:I$255))/Coeff!I$256),"")	1
L17	=IF(L14>0,Coeff!$AZ$226^(L13-SUMPRODUCT($D$13:$M$13,TRANSPOSE(Coeff!J$246:J$255))/Coeff!J$256),"")	
M17	=IF(M14>0,Coeff!$AZ$226^(M13-SUMPRODUCT($D$13:$M$13,TRANSPOSE(Coeff!K$246:K$255))/Coeff!K$256),"")	
Q17	=VLOOKUP("Skillsum",Dict!$A$5:OFFSET(Dict!$B$5,Dict!$B$3-1,0),2,0) & ":"	Skillsum:
R17	=SUM(D13:M13)	33
U17	=U9	C
V17	=Calcs!V297*MIN(Coeff!$AA$2-Coeff!$AA$3*LN(Calcs!V297),Coeff!$AA$4-Coeff!$AA$5*LN(Calcs!V297))	669.8524279288044
AA17	=AA14	round
AC17	=(5+(AH16-5)*Coeff!$BK$12*EXP(-ABS(AH16-5)*Coeff!$BK$13))	4.618748434086789
AE17	=IF(ISNUMBER(AD17),AD17,AC17)	4.618748434086789
AG17	=AE17*IF(AF17=$AF$102,4/3,IF(AF17=$AF$103,0.5,1))	4.618748434086789
AH17	=(5+(AG17-5)*Coeff!$BK$12*EXP(-ABS(AG17-5)*Coeff!$BK$13))	4.638779206209463
AI17	=(5+(AH17-5)*Coeff!$BK$12*EXP(-ABS(AH17-5)*Coeff!$BK$13))	4.6576432958833776
C18	=VLOOKUP("Cross training",Dict!$A$5:OFFSET(Dict!$B$5,Dict!$B$3-1,0),2,0) & ": x"	Cross training: x
D18	=IF(D14>0,IF(D13=$R18,Coeff!$AZ$229^(D13-AVERAGE($D13:$M13)),1),"")	
E18	=IF(E14>0,IF(E13=$R18,Coeff!$AZ$229^(E13-AVERAGE($D13:$M13)),1),"")	
F18	=IF(F14>0,IF(F13=$R18,Coeff!$AZ$229^(F13-AVERAGE($D13:$M13)),1),"")	1
G18	=IF(G14>0,IF(G13=$R18,Coeff!$AZ$229^(G13-AVERAGE($D13:$M13)),1),"")	1
H18	=IF(H14>0,IF(H13=$R18,Coeff!$AZ$229^(H13-AVERAGE($D13:$M13)),1),"")	1
I18	=IF(I14>0,IF(I13=$R18,Coeff!$AZ$229^(I13-AVERAGE($D13:$M13)),1),"")	
J18	=IF(J14>0,IF(J13=$R18,Coeff!$AZ$229^(J13-AVERAGE($D13:$M13)),1),"")	
K18	=IF(K14>0,IF(K13=$R18,Coeff!$AZ$229^(K13-AVERAGE($D13:$M13)),1),"")	1
L18	=IF(L14>0,IF(L13=$R18,Coeff!$AZ$229^(L13-AVERAGE($D13:$M13)),1),"")	
M18	=IF(M14>0,IF(M13=$R18,Coeff!$AZ$229^(M13-AVERAGE($D13:$M13)),1),"")	
R18	=MAX(D13:M13)	5
AA18	=AA15	round
AC18	=(5+(AI17-5)*Coeff!$BK$12*EXP(-ABS(AI17-5)*Coeff!$BK$13))	4.675420210939023
AE18	=IF(ISNUMBER(AD18),AD18,AC18)	4.675420210939023
AG18	=AE18*IF(AF18=$AF$102,4/3,IF(AF18=$AF$103,0.5,1))	4.675420210939023
AH18	=(5+(AG18-5)*Coeff!$BK$12*EXP(-ABS(AG18-5)*Coeff!$BK$13))	4.692182870297289
C19	=R5 & ": x"	Potential: x
D19	=IF(D14>0,IF($W19<$R6,1,1/3),"")	
E19	=IF(E14>0,IF($W19<$R6,1,1/3),"")	
F19	=IF(F14>0,IF($W19<$R6,1,1/3),"")	1
G19	=IF(G14>0,IF($W19<$R6,1,1/3),"")	1
H19	=IF(H14>0,IF($W19<$R6,1,1/3),"")	1
I19	=IF(I14>0,IF($W19<$R6,1,1/3),"")	
J19	=IF(J14>0,IF($W19<$R6,1,1/3),"")	
K19	=IF(K14>0,IF($W19<$R6,1,1/3),"")	1
L19	=IF(L14>0,IF($W19<$R6,1,1/3),"")	
M19	=IF(M14>0,IF($W19<$R6,1,1/3),"")	
U19	=R5	Potential
W19	=MAX(W21:W25)	-0.10499999999999998
AA19	=AA16	cup/scr
AC19	=(5+(AH18-5)*Coeff!$BK$12*EXP(-ABS(AH18-5)*Coeff!$BK$13))	4.707998268374462
AE19	=IF(ISNUMBER(AD19),AD19,AC19)	4.707998268374462
AG19	=AE19*IF(AF19=$AF$102,4/3,IF(AF19=$AF$103,0.5,1))	4.707998268374462
AH19	=(5+(AG19-5)*Coeff!$BK$12*EXP(-ABS(AG19-5)*Coeff!$BK$13))	4.722928060180976
C20	=" --> " & Scout!$C$3 & " " & B20 & ": x"	 --> Coach level 4: x
D20	=IF(D14>0,VLOOKUP($B$20,Coeff!$AY$215:$AZ$221,2,0),"")	
E20	=IF(E14>0,VLOOKUP($B$20,Coeff!$AY$215:$AZ$221,2,0),"")	
F20	=IF(F14>0,VLOOKUP($B$20,Coeff!$AY$215:$AZ$221,2,0),"")	0.97
G20	=IF(G14>0,VLOOKUP($B$20,Coeff!$AY$215:$AZ$221,2,0),"")	0.97
H20	=IF(H14>0,VLOOKUP($B$20,Coeff!$AY$215:$AZ$221,2,0),"")	0.97
I20	=IF(I14>0,VLOOKUP($B$20,Coeff!$AY$215:$AZ$221,2,0),"")	
J20	=IF(J14>0,VLOOKUP($B$20,Coeff!$AY$215:$AZ$221,2,0),"")	
K20	=IF(K14>0,VLOOKUP($B$20,Coeff!$AY$215:$AZ$221,2,0),"")	0.97
L20	=IF(L14>0,VLOOKUP($B$20,Coeff!$AY$215:$AZ$221,2,0),"")	
M20	=IF(M14>0,VLOOKUP($B$20,Coeff!$AY$215:$AZ$221,2,0),"")	
U20	=IF(W19=W21,V21,IF(W19=W22,V22,IF(W19=W23,V23,IF(W19=W24,V24,V25))))	PG
V20	=U12	delta
W20	=W19-R8	0
AA20	=AA17	round
AC20	=(5+(AH19-5)*Coeff!$BK$12*EXP(-ABS(AH19-5)*Coeff!$BK$13))	4.737029077980682
AE20	=IF(ISNUMBER(AD20),AD20,AC20)	4.737029077980682
AG20	=AE20*IF(AF20=$AF$102,4/3,IF(AF20=$AF$103,0.5,1))	4.737029077980682
AH20	=(5+(AG20-5)*Coeff!$BK$12*EXP(-ABS(AG20-5)*Coeff!$BK$13))	4.750353788706468
AI20	=(5+(AH20-5)*Coeff!$BK$12*EXP(-ABS(AH20-5)*Coeff!$BK$13))	4.762950699940989
C21	=VLOOKUP("Training speed",Dict!$A$5:OFFSET(Dict!$B$5,Dict!$B$3-1,0),2,0)	Training speed
D21	=IF(D14=0,0,D14*D15*D16*D17*D18*D19*D20)	0
E21	=IF(E14=0,0,E14*E15*E16*E17*E18*E19*E20)	0
F21	=IF(F14=0,0,F14*F15*F16*F17*F18*F19*F20)	0.11190285235061696
G21	=IF(G14=0,0,G14*G15*G16*G17*G18*G19*G20)	0.013094999999999996
H21	=IF(H14=0,0,H14*H15*H16*H17*H18*H19*H20)	0.01581330757154932
I21	=IF(I14=0,0,I14*I15*I16*I17*I18*I19*I20)	0
J21	=IF(J14=0,0,J14*J15*J16*J17*J18*J19*J20)	0
K21	=IF(K14=0,0,K14*K15*K16*K17*K18*K19*K20)	0.02618999999999999
L21	=IF(L14=0,0,L14*L15*L16*L17*L18*L19*L20)	0
M21	=IF(M14=0,0,M14*M15*M16*M17*M18*M19*M20)	0
N21	=N14	0
O21	=O14	0
P21	=CoachParrot!AL10	Sum
Q21	=SUM(D21:O21)	0.16700115992216627
V21	=U13	PG
W21	=Calcs!X293	-0.10499999999999998
AA21	=AA18	round
AC21	=(5+(AI20-5)*Coeff!$BK$12*EXP(-ABS(AI20-5)*Coeff!$BK$13))	4.77486472111531
AE21	=IF(ISNUMBER(AD21),AD21,AC21)	4.77486472111531
AG21	=AE21*IF(AF21=$AF$102,4/3,IF(AF21=$AF$103,0.5,1))	4.77486472111531
AH21	=(5+(AG21-5)*Coeff!$BK$12*EXP(-ABS(AG21-5)*Coeff!$BK$13))	4.786137485611463
C22	=VLOOKUP("$ increase for 1 training week:",Dict!$A$5:OFFSET(Dict!$B$5,Dict!$B$3-1,0),2,0)	$ increase for 1 training week:
V22	=U14	SG
W22	=Calcs!X294	-0.14500000000000002
AA22	=AA19	cup/scr
AC22	=(5+(AH21-5)*Coeff!$BK$12*EXP(-ABS(AH21-5)*Coeff!$BK$13))	4.7968076386434095
AE22	=IF(ISNUMBER(AD22),AD22,AC22)	4.7968076386434095
AG22	=AE22*IF(AF22=$AF$102,4/3,IF(AF22=$AF$103,0.5,1))	4.7968076386434095
AH22	=(5+(AG22-5)*Coeff!$BK$12*EXP(-ABS(AG22-5)*Coeff!$BK$13))	4.806911095107481
C23	=D$3&":"	JS:
D23	=Calcs!D301*MIN(Coeff!$AA$2-Coeff!$AA$3*LN(Calcs!D301),Coeff!$AA$4-Coeff!$AA$5*LN(Calcs!D301))-$V$11	0
E23	=MAX(EXP(SUMPRODUCT(LN(Calcs!$B$3:$K$3),$D$13:$M$13+$D$21:$M$21*OFFSET(Calcs!$J$32:$S$32,0,COLUMN($D$1)-COLUMN(E$1))))*Calcs!$L$3,EXP(SUMPRODUCT(LN(Calcs!$B$4:$K$4),$D$13:$M$13+$D$21:$M$21*OFFSET(Calcs!$J$32:$S$32,0,COLUMN($D$1)-COLUMN(E$1))))*Calcs!$L$4,EXP(SUMPRODUCT(LN(Calcs!$B$5:$K$5),$D$13:$M$13+$D$21:$M$21*OFFSET(Calcs!$J$32:$S$32,0,COLUMN($D$1)-COLUMN(E$1))))*Calcs!$L$5,EXP(SUMPRODUCT(LN(Calcs!$B$6:$K$6),$D$13:$M$13+$D$21:$M$21*OFFSET(Calcs!$J$32:$S$32,0,COLUMN($D$1)-COLUMN(E$1))))*Calcs!$L$6,EXP(SUMPRODUCT(LN(Calcs!$B$7:$K$7),$D$13:$M$13+$D$21:$M$21*OFFSET(Calcs!$J$32:$S$32,0,COLUMN($D$1)-COLUMN(E$1))))*Calcs!$L$7)^Coeff!$V$2	1
F23	=G$3&":"	HA:
G23	=Calcs!G301*MIN(Coeff!$AA$2-Coeff!$AA$3*LN(Calcs!G301),Coeff!$AA$4-Coeff!$AA$5*LN(Calcs!G301))-$V$11	0
I23	=J$3&":"	IS:
J23	=Calcs!J301*MIN(Coeff!$AA$2-Coeff!$AA$3*LN(Calcs!J301),Coeff!$AA$4-Coeff!$AA$5*LN(Calcs!J301))-$V$11	0
L23	=M$3&":"	SB:
M23	=Calcs!M301*MIN(Coeff!$AA$2-Coeff!$AA$3*LN(Calcs!M301),Coeff!$AA$4-Coeff!$AA$5*LN(Calcs!M301))-$V$11	0
Q23	=Calcs!Q301*MIN(Coeff!$AA$2-Coeff!$AA$3*LN(Calcs!Q301),Coeff!$AA$4-Coeff!$AA$5*LN(Calcs!Q301))	1554.52114375074
V23	=U15	SF
W23	=Calcs!X295	-0.23499999999999943
AA23	=AA20	round
AC23	=(5+(AH22-5)*Coeff!$BK$12*EXP(-ABS(AH22-5)*Coeff!$BK$13))	4.816481271015942
AE23	=IF(ISNUMBER(AD23),AD23,AC23)	4.816481271015942
AG23	=AE23*IF(AF23=$AF$102,4/3,IF(AF23=$AF$103,0.5,1))	4.816481271015942
AH23	=(5+(AG23-5)*Coeff!$BK$12*EXP(-ABS(AG23-5)*Coeff!$BK$13))	4.825549291637879
AI23	=(5+(AH23-5)*Coeff!$BK$12*EXP(-ABS(AH23-5)*Coeff!$BK$13))	4.834144179055585
D24	=E$3&":"	JR:
E24	=Calcs!E302*MIN(Coeff!$AA$2-Coeff!$AA$3*LN(Calcs!E302),Coeff!$AA$4-Coeff!$AA$5*LN(Calcs!E302))-$V$11	0
G24	=H$3&":"	DR:
H24	=Calcs!H302*MIN(Coeff!$AA$2-Coeff!$AA$3*LN(Calcs!H302),Coeff!$AA$4-Coeff!$AA$5*LN(Calcs!H302))-$V$11	0
J24	=K$3&":"	ID:
K24	=Calcs!K302*MIN(Coeff!$AA$2-Coeff!$AA$3*LN(Calcs!K302),Coeff!$AA$4-Coeff!$AA$5*LN(Calcs!K302))-$V$11	0
Q24	=Q23-V11	21.738207790748447
V24	=U16	PF
W24	=Calcs!X296	-1.0199999999999996
AA24	=AA22	cup/scr
AC24	=(5+(AI23-5)*Coeff!$BK$12*EXP(-ABS(AI23-5)*Coeff!$BK$13))	4.8422930214898585
AE24	=IF(ISNUMBER(AD24),AD24,AC24)	4.8422930214898585
AG24	=AE24*IF(AF24=$AF$102,4/3,IF(AF24=$AF$103,0.5,1))	4.8422930214898585
AH24	=(5+(AG24-5)*Coeff!$BK$12*EXP(-ABS(AG24-5)*Coeff!$BK$13))	4.8500211264443625
E25	=F$3&":"	OD:
F25	=Calcs!F303*MIN(Coeff!$AA$2-Coeff!$AA$3*LN(Calcs!F303),Coeff!$AA$4-Coeff!$AA$5*LN(Calcs!F303))-$V$11	21.738207790748447
H25	=I$3&":"	PA:
I25	=Calcs!I303*MIN(Coeff!$AA$2-Coeff!$AA$3*LN(Calcs!I303),Coeff!$AA$4-Coeff!$AA$5*LN(Calcs!I303))-$V$11	0
K25	=L$3&":"	RB:
L25	=Calcs!L303*MIN(Coeff!$AA$2-Coeff!$AA$3*LN(Calcs!L303),Coeff!$AA$4-Coeff!$AA$5*LN(Calcs!L303))-$V$11	0
O25	=U19	Potential
R25	=MAX(Calcs!Z293:Z297)-W19	0.019815834769028484
V25	=U17	C
W25	=Calcs!X297	-1.375
AA25	=AA22	cup/scr
AC25	=(5+(AH24-5)*Coeff!$BK$12*EXP(-ABS(AH24-5)*Coeff!$BK$13))	4.857352159459187
AE25	=IF(ISNUMBER(AD25),AD25,AC25)	4.857352159459187
AG25	=AE25*IF(AF25=$AF$102,4/3,IF(AF25=$AF$103,0.5,1))	4.857352159459187
AH25	=(5+(AG25-5)*Coeff!$BK$12*EXP(-ABS(AG25-5)*Coeff!$BK$13))	4.86430827004029
AA26	=AA5	round
AC26	=(5+(AH25-5)*Coeff!$BK$12*EXP(-ABS(AH25-5)*Coeff!$BK$13))	4.870910206138924
AE26	=IF(ISNUMBER(AD26),AD26,AC26)	4.870910206138924
AG26	=AE26*IF(AF26=$AF$102,4/3,IF(AF26=$AF$103,0.5,1))	4.870910206138924
AH26	=(5+(AG26-5)*Coeff!$BK$12*EXP(-ABS(AG26-5)*Coeff!$BK$13))	4.877177418388828
AI26	=(5+(AH26-5)*Coeff!$BK$12*EXP(-ABS(AH26-5)*Coeff!$BK$13))	4.883128155164946
AA27	=AA6	round
AC27	=(5+(AI26-5)*Coeff!$BK$12*EXP(-ABS(AI26-5)*Coeff!$BK$13))	4.888779549402482
AE27	=IF(ISNUMBER(AD27),AD27,AC27)	4.888779549402482
AG27	=AE27*IF(AF27=$AF$102,4/3,IF(AF27=$AF$103,0.5,1))	4.888779549402482
AH27	=(5+(AG27-5)*Coeff!$BK$12*EXP(-ABS(AG27-5)*Coeff!$BK$13))	4.894147698006399
B28	=IF(C28=R100,1,IF(C28=R101,2,3))	1
H28	=$AD$4	Edit:
L28	=$AE$4	Used
R28	="[ " & VLOOKUP("EndOfRange",Dict!$A$5:OFFSET(Dict!$B$5,Dict!$B$3-1,0),2,0)	[ End of Range
V28	=VLOOKUP("EndOfRange",Dict!$A$5:OFFSET(Dict!$B$5,Dict!$B$3-1,0),2,0) & " ]"	End of Range ]
AA28	=AA7	cup/scr
AC28	=(5+(AH27-5)*Coeff!$BK$12*EXP(-ABS(AH27-5)*Coeff!$BK$13))	4.89924773458675
AE28	=IF(ISNUMBER(AD28),AD28,AC28)	4.89924773458675
AG28	=AE28*IF(AF28=$AF$102,4/3,IF(AF28=$AF$103,0.5,1))	4.89924773458675
AH28	=(5+(AG28-5)*Coeff!$BK$12*EXP(-ABS(AG28-5)*Coeff!$BK$13))	4.904093896172514
C29	=VLOOKUP("Virtual current salary",Dict!$A$5:OFFSET(Dict!$B$5,Dict!$B$3-1,0),2,0)	Virtual current salary
D29	=IF($B$28=1,V3,IF($B$28=2,V11,"?"))	1532.7829359599916
L29	=IF(ISNUMBER(H29),H29,IF(ISERROR(D29),"",D29))	1532.7829359599916
P29	=IF(AND(ISNUMBER(L29),L29>=Calcs!$A$234,L31>=7,L31<9),"",IF(AND(ISNUMBER(L30),L30>0,ISNUMBER(L31)),">",""))	>
Q29	=IF(P29=">","$","")	$
R29	=Calcs!E235	2144.3654049144643
V29	=Calcs!F235	2036.3773207419629
AA29	=AA8	round
AC29	=(5+(AH28-5)*Coeff!$BK$12*EXP(-ABS(AH28-5)*Coeff!$BK$13))	4.908699584484197
AE29	=IF(ISNUMBER(AD29),AD29,AC29)	4.908699584484197
AG29	=AE29*IF(AF29=$AF$102,4/3,IF(AF29=$AF$103,0.5,1))	4.908699584484197
AH29	=(5+(AG29-5)*Coeff!$BK$12*EXP(-ABS(AG29-5)*Coeff!$BK$13))	4.913077422282004
AI29	=(5+(AH29-5)*Coeff!$BK$12*EXP(-ABS(AH29-5)*Coeff!$BK$13))	4.917239305250602
C30	=MyData!V9	DMI
D30	=IF($B$28=1,VLOOKUP($C$4,MyData!B10:V52,21,0),"?")	25000
G30	=C30	DMI
K30	=G30	DMI
L30	=IF(ISNUMBER(H30),H30,IF(ISERROR(D30),"",D30))	25000
P30	=IF(AND(ISNUMBER(L30),L30>0),"",IF(AND(ISNUMBER(L29),ISNUMBER(L31)),">",""))	
Q30	=IF(P30=">",C30,"")	
R30	=Calcs!E236	.
V30	=Calcs!F236	.
AA30	=AA9	round
AC30	=(5+(AI29-5)*Coeff!$BK$12*EXP(-ABS(AI29-5)*Coeff!$BK$13))	4.921196449832456
AE30	=IF(ISNUMBER(AD30),AD30,AC30)	4.921196449832456
AG30	=AE30*IF(AF30=$AF$102,4/3,IF(AF30=$AF$103,0.5,1))	4.921196449832456
AH30	=(5+(AG30-5)*Coeff!$BK$12*EXP(-ABS(AG30-5)*Coeff!$BK$13))	4.9249594373784245
C31	=P3	GS
D31	=IF(B28=1,P4,IF(B28=2,P13,"?"))	9
G31	=C31	GS
K31	=G31	GS
L31	=IF(ISNUMBER(H31),MIN(9,MAX(1,H31)),IF(ISNUMBER(D31),MIN(9,MAX(1,D31)),""))	9
P31	=IF(AND(ISNUMBER(L29),ISNUMBER(L30),L30>0,L31>=7,L31<9),">","")	
Q31	=IF(P31=">",C31,"")	
R31	=IF($P$31="",Calcs!B237,Calcs!E237)	9
V31	=IF($P$31="",Calcs!C237,Calcs!F237)	9
AA31	=AA10	cup/scr
AC31	=(5+(AH30-5)*Coeff!$BK$12*EXP(-ABS(AH30-5)*Coeff!$BK$13))	4.928538254946108
AE31	=IF(ISNUMBER(AD31),AD31,AC31)	4.928538254946108
AG31	=AE31*IF(AF31=$AF$102,4/3,IF(AF31=$AF$103,0.5,1))	4.928538254946108
AH31	=(5+(AG31-5)*Coeff!$BK$12*EXP(-ABS(AG31-5)*Coeff!$BK$13))	4.931942333042647
C32	=N3	ST
D32	=IF($B$28=1,$N$4,IF($B$28=2,$N$13,"[1-10]"))	8
G32	=C32	ST
K32	=G32	ST
L32	=IF(ISNUMBER(H32),MIN(10,MAX(1,H32)),IF(ISNUMBER(D32),MIN(10,MAX(1,D32)),D32))	8
R32	=Calcs!$B238	8
V32	=Calcs!$C238	8.99
AA32	=AA11	round
AC32	=(5+(AH31-5)*Coeff!$BK$12*EXP(-ABS(AH31-5)*Coeff!$BK$13))	4.935180580578698
AE32	=IF(ISNUMBER(AD32),AD32,AC32)	4.935180580578698
AG32	=AE32*IF(AF32=$AF$102,4/3,IF(AF32=$AF$103,0.5,1))	4.935180580578698
AH32	=(5+(AG32-5)*Coeff!$BK$12*EXP(-ABS(AG32-5)*Coeff!$BK$13))	4.938261417273761
AI32	=(5+(AH32-5)*Coeff!$BK$12*EXP(-ABS(AH32-5)*Coeff!$BK$13))	4.941192803729383
C33	=O3	FT
D33	=IF($B$28=1,$O$4,IF($B$28=2,$O$13,"[1-20]"))	6
G33	=C33	FT
K33	=G33	FT
L33	=IF(ISNUMBER(H33),MIN(20,MAX(1,H33)),IF(ISNUMBER(D33),MIN(20,MAX(1,D33)),D33))	6
R33	=Calcs!$B239	6
V33	=Calcs!$C239	6.99
AA33	=AA12	round
AC33	=(5+(AI32-5)*Coeff!$BK$12*EXP(-ABS(AI32-5)*Coeff!$BK$13))	4.943982269365725
AE33	=IF(ISNUMBER(AD33),AD33,AC33)	4.943982269365725
AG33	=AE33*IF(AF33=$AF$102,4/3,IF(AF33=$AF$103,0.5,1))	4.943982269365725
AH33	=(5+(AG33-5)*Coeff!$BK$12*EXP(-ABS(AG33-5)*Coeff!$BK$13))	4.946636938398267
AA34	=AA13	cup/scr
AC34	=(5+(AH33-5)*Coeff!$BK$12*EXP(-ABS(AH33-5)*Coeff!$BK$13))	4.949163554014619
AE34	=IF(ISNUMBER(AD34),AD34,AC34)	4.949163554014619
AG34	=AE34*IF(AF34=$AF$102,4/3,IF(AF34=$AF$103,0.5,1))	4.949163554014619
AH34	=(5+(AG34-5)*Coeff!$BK$12*EXP(-ABS(AG34-5)*Coeff!$BK$13))	4.951568500896495
B35	=VLOOKUP("Game Shape",Dict!$A$5:OFFSET(Dict!$B$5,Dict!$B$3-1,0),2,0)	Game Shape
AA35	=AA14	round
AC35	=(5+(AH34-5)*Coeff!$BK$12*EXP(-ABS(AH34-5)*Coeff!$BK$13))	4.953857826218482
AE35	=IF(ISNUMBER(AD35),AD35,AC35)	4.953857826218482
AG35	=AE35*IF(AF35=$AF$102,4/3,IF(AF35=$AF$103,0.5,1))	4.953857826218482
AH35	=(5+(AG35-5)*Coeff!$BK$12*EXP(-ABS(AG35-5)*Coeff!$BK$13))	4.956037259243205
AI35	=(5+(AH35-5)*Coeff!$BK$12*EXP(-ABS(AH35-5)*Coeff!$BK$13))	4.958112229621732
B36	=VLOOKUP(C36,W100:X105,2,0)	2
AA36	=AA15	round
AC36	=(5+(AI35-5)*Coeff!$BK$12*EXP(-ABS(AI35-5)*Coeff!$BK$13))	4.960087884498355
AE36	=IF(ISNUMBER(AD36),AD36,AC36)	4.960087884498355
AG36	=AE36*IF(AF36=$AF$102,4/3,IF(AF36=$AF$103,0.5,1))	4.960087884498355
AH36	=(5+(AG36-5)*Coeff!$BK$12*EXP(-ABS(AG36-5)*Coeff!$BK$13))	4.961969104510152
E37	=$AD$4	Edit:
F37	=AE4	Used
G37	=VLOOKUP("Expected game shape",Dict!$A$5:OFFSET(Dict!$B$5,Dict!$B$3-1,0),2,0)	Most likely new game shape
J37	=VLOOKUP("Probability game shape",Dict!$A$5:OFFSET(Dict!$B$5,Dict!$B$3-1,0),2,0)	Probabilitiy for each game shape
AA37	=AA16	cup/scr
AC37	=(5+(AH36-5)*Coeff!$BK$12*EXP(-ABS(AH36-5)*Coeff!$BK$13))	4.96376051876388
AE37	=IF(ISNUMBER(AD37),AD37,AC37)	4.96376051876388
AG37	=AE37*IF(AF37=$AF$102,4/3,IF(AF37=$AF$103,0.5,1))	4.96376051876388
AH37	=(5+(AG37-5)*Coeff!$BK$12*EXP(-ABS(AG37-5)*Coeff!$BK$13))	4.965466518865657
C38	=VLOOKUP("Minutes",Dict!$A$5:OFFSET(Dict!$B$5,Dict!$B$3-1,0),2,0)	Minutes
D38	=IF(OR($B$36=5,$B$36=6),"?",VLOOKUP($C$4,MyData!$B$10:$D$52,3,0)+IF(OR($B$36=3,$B$36=4),VLOOKUP($C$4,Calcs!$R$58:$T$75,3,0),0))	24
F38	=IF(ISNUMBER(E38),MIN(144,MAX(0,E38)),D38)	24
AA38	=AA17	round
AC38	=(5+(AH37-5)*Coeff!$BK$12*EXP(-ABS(AH37-5)*Coeff!$BK$13))	4.967091272072489
AE38	=IF(ISNUMBER(AD38),AD38,AC38)	4.967091272072489
AG38	=AE38*IF(AF38=$AF$102,4/3,IF(AF38=$AF$103,0.5,1))	4.967091272072489
AH38	=(5+(AG38-5)*Coeff!$BK$12*EXP(-ABS(AG38-5)*Coeff!$BK$13))	4.968638733628878
AI38	=(5+(AH38-5)*Coeff!$BK$12*EXP(-ABS(AH38-5)*Coeff!$BK$13))	4.97011265834654
C39	=$P$3 & " " & Coeff!$BA$20	GS low
D39	=IF(OR($B$36=2,$B$36=4,$B$36=5),MIN($R$31,$V$31),IF(OR($B$36=1,$B$36=3),$P$4,"?"))	9
F39	=IF(ISNUMBER(E39),MIN(9,MAX(1,E39),MAX(1,E40)),D39)	9
H39	=Calcs!E257	7.965538986105512
J39	=OFFSET(Calcs!$K$257,COLUMN()-COLUMN($J$39),0)	0
K39	=OFFSET(Calcs!$K$257,COLUMN()-COLUMN($J$39),0)	0.47619047619047616
L39	=OFFSET(Calcs!$K$257,COLUMN()-COLUMN($J$39),0)	0.5238095238095238
M39	=OFFSET(Calcs!$K$257,COLUMN()-COLUMN($J$39),0)	0
N39	=OFFSET(Calcs!$K$257,COLUMN()-COLUMN($J$39),0)	0
O39	=OFFSET(Calcs!$K$257,COLUMN()-COLUMN($J$39),0)	0
P39	=OFFSET(Calcs!$K$257,COLUMN()-COLUMN($J$39),0)	0
Q39	=OFFSET(Calcs!$K$257,COLUMN()-COLUMN($J$39),0)	0
R39	=OFFSET(Calcs!$K$257,COLUMN()-COLUMN($J$39),0)	0
AA39	=VLOOKUP("qf",Dict!$A$5:OFFSET(Dict!$B$5,Dict!$B$3-1,0),2,0)	qf
AC39	=(5+(AI38-5)*Coeff!$BK$12*EXP(-ABS(AI38-5)*Coeff!$BK$13))	4.971516611480482
AE39	=IF(ISNUMBER(AD39),AD39,AC39)	4.971516611480482
AG39	=AE39*IF(AF39=$AF$102,4/3,IF(AF39=$AF$103,0.5,1))	4.971516611480482
AH39	=(5+(AG39-5)*Coeff!$BK$12*EXP(-ABS(AG39-5)*Coeff!$BK$13))	4.97285397895037
C40	=$P$3 & " " & Coeff!$BA$22	GS high
D40	=IF(OR($B$36=2,$B$36=4,$B$36=5),MAX($R$31,$V$31),IF(OR($B$36=1,$B$36=3),$P$4,"?"))	9
F40	=IF(ISNUMBER(E40),MIN(9,MAX(1,E40,E39)),D40)	9
H40	=Calcs!E258	7.965538986105512
AA40	=AA19	cup/scr
AC40	=(5+(AH39-5)*Coeff!$BK$12*EXP(-ABS(AH39-5)*Coeff!$BK$13))	4.974127976952235
AE40	=IF(ISNUMBER(AD40),AD40,AC40)	4.974127976952235
AG40	=AE40*IF(AF40=$AF$102,4/3,IF(AF40=$AF$103,0.5,1))	4.974127976952235
AH40	=(5+(AG40-5)*Coeff!$BK$12*EXP(-ABS(AG40-5)*Coeff!$BK$13))	4.975341661001942
AA41	=VLOOKUP("sf ",Dict!$A$5:OFFSET(Dict!$B$5,Dict!$B$3-1,0),2,0)	sf 
AC41	=(5+(AH40-5)*Coeff!$BK$12*EXP(-ABS(AH40-5)*Coeff!$BK$13))	4.976497934448678
AE41	=IF(ISNUMBER(AD41),AD41,AC41)	4.976497934448678
AG41	=AE41*IF(AF41=$AF$102,4/3,IF(AF41=$AF$103,0.5,1))	4.976497934448678
AH41	=(5+(AG41-5)*Coeff!$BK$12*EXP(-ABS(AG41-5)*Coeff!$BK$13))	4.97759955649368
AI41	=(5+(AH41-5)*Coeff!$BK$12*EXP(-ABS(AH41-5)*Coeff!$BK$13))	4.978649149746801
AA42	=VLOOKUP("final",Dict!$A$5:OFFSET(Dict!$B$5,Dict!$B$3-1,0),2,0)	final
AC42	=(5+(AI41-5)*Coeff!$BK$12*EXP(-ABS(AI41-5)*Coeff!$BK$13))	4.979649207350985
AE42	=IF(ISNUMBER(AD42),AD42,AC42)	4.979649207350985
AG42	=AE42*IF(AF42=$AF$102,4/3,IF(AF42=$AF$103,0.5,1))	4.979649207350985
AH42	=(5+(AG42-5)*Coeff!$BK$12*EXP(-ABS(AG42-5)*Coeff!$BK$13))	4.980602099702533
AA43	=AA22	cup/scr
AC43	=(5+(AH42-5)*Coeff!$BK$12*EXP(-ABS(AH42-5)*Coeff!$BK$13))	4.981510080792924
AE43	=IF(ISNUMBER(AD43),AD43,AC43)	4.981510080792924
AG43	=AE43*IF(AF43=$AF$102,4/3,IF(AF43=$AF$103,0.5,1))	4.981510080792924
AH43	=(5+(AG43-5)*Coeff!$BK$12*EXP(-ABS(AG43-5)*Coeff!$BK$13))	4.9823752941961175
AA44	=AA42	final
AC44	=(5+(AH43-5)*Coeff!$BK$12*EXP(-ABS(AH43-5)*Coeff!$BK$13))	4.983199778723506
AE44	=IF(ISNUMBER(AD44),AD44,AC44)	4.983199778723506
AG44	=AE44*IF(AF44=$AF$102,4/3,IF(AF44=$AF$103,0.5,1))	4.983199778723506
AH44	=(5+(AG44-5)*Coeff!$BK$12*EXP(-ABS(AG44-5)*Coeff!$BK$13))	4.983985473767113
AI44	=(5+(AH44-5)*Coeff!$BK$12*EXP(-ABS(AH44-5)*Coeff!$BK$13))	4.98473422435017
AA45	=AA44	final
AC45	=(5+(AG44-5)*Coeff!$BK$12*EXP(-ABS(AG44-5)*Coeff!$BK$13))	4.983985473767113
B100	=MyData!B10	Charles Bryant
H100	=IF(MyData!$C$5="cm",G100,F100)	5'9“
J100	=TRANSPOSE(Coeff!$B$210:$AH$210)	JS for 12
R100	=VLOOKUP("Selected player",Dict!$A$5:OFFSET(Dict!$B$5,Dict!$B$3-1,0),2,0)	Selected player
W100	=VLOOKUP("Minutes, GS from MyData for selected player",Dict!$A$5:OFFSET(Dict!$B$5,Dict!$B$3-1,0),2,0)	Minutes, GS from MyData for selected player
B101	=MyData!B11	Forrest Howard
H101	=IF(MyData!$C$5="cm",G101,F101)	5'10“
M101	=ROUND(V3,0)	1533
N101	=VLOOKUP($C$4,MyData!$B$10:$V$52,20,0)	0
O101	=VLOOKUP($C$4,MyData!$B$10:$V$52,17,0)	9
P101	=VLOOKUP($C$4,MyData!$B$10:$V$52,14,0)	8
Q101	=VLOOKUP($C$4,MyData!$B$10:$V$52,15,0)	6
R101	=VLOOKUP("Custom designed player",Dict!$A$5:OFFSET(Dict!$B$5,Dict!$B$3-1,0),2,0)	Custom designed player
W101	=VLOOKUP("Minutes from MyData, GS from DMIcalculator for selected player",Dict!$A$5:OFFSET(Dict!$B$5,Dict!$B$3-1,0),2,0)	Minutes from MyData, GS from DMI calculator for selected player
B102	=MyData!B12	Mark Wade
H102	=IF(MyData!$C$5="cm",G102,F102)	5'11“
M102	=ROUND(V11,0)	1533
R102	=VLOOKUP("Player with unknown skills",Dict!$A$5:OFFSET(Dict!$B$5,Dict!$B$3-1,0),2,0)	Player with unknown skills
W102	=VLOOKUP("Minutes from CoachParrot, GS from MyData for selected player",Dict!$A$5:OFFSET(Dict!$B$5,Dict!$B$3-1,0),2,0)	Minutes from CoachParrot, GS from MyData for selected player
AF102	=VLOOKUP("TIE",Dict!$A$5:OFFSET(Dict!$B$5,Dict!$B$3-1,0),2,0)	TIE
B103	=MyData!B13	Juicepats Odom
H103	=IF(MyData!$C$5="cm",G103,F103)	6'0“
W103	=VLOOKUP("Minutes from CoachParrot, GS from DMIcalculator for selected player",Dict!$A$5:OFFSET(Dict!$B$5,Dict!$B$3-1,0),2,0)	Minutes from CoachParrot, GS from DMI calculator for selected player
AF103	=VLOOKUP("CT",Dict!$A$5:OFFSET(Dict!$B$5,Dict!$B$3-1,0),2,0)	CT
B104	=MyData!B14	Kozzy Nowitzki
H104	=IF(MyData!$C$5="cm",G104,F104)	6'1“
W104	=VLOOKUP("Custom defined minutes, GS from DMIcalculator, for any player",Dict!$A$5:OFFSET(Dict!$B$5,Dict!$B$3-1,0),2,0)	Custom defined minutes, GS from DMI calculator, for any player
B105	=MyData!B15	Patje Ming
H105	=IF(MyData!$C$5="cm",G105,F105)	6'2“
W105	=VLOOKUP("Custom defined minutes and GS for any player",Dict!$A$5:OFFSET(Dict!$B$5,Dict!$B$3-1,0),2,0)	Custom defined minutes and GS for any player
B106	=MyData!B16	Superfly Gasol
H106	=IF(MyData!$C$5="cm",G106,F106)	6'3“
B107	=MyData!B17	JBM Lewis
H107	=IF(MyData!$C$5="cm",G107,F107)	6'4“
B108	=MyData!B18	Somdet James
H108	=IF(MyData!$C$5="cm",G108,F108)	6'5“
B109	=MyData!B19	Dr. Jan Rubio
H109	=IF(MyData!$C$5="cm",G109,F109)	6'6“
B110	=MyData!B20	0
H110	=IF(MyData!$C$5="cm",G110,F110)	6'7“
B111	=MyData!B21	0
H111	=IF(MyData!$C$5="cm",G111,F111)	6'8“
B112	=MyData!B22	0
H112	=IF(MyData!$C$5="cm",G112,F112)	6'9“
B113	=MyData!B23	0
H113	=IF(MyData!$C$5="cm",G113,F113)	6'10“
B114	=MyData!B24	0
H114	=IF(MyData!$C$5="cm",G114,F114)	6'11“
B115	=MyData!B25	0
H115	=IF(MyData!$C$5="cm",G115,F115)	7'0“
B116	=MyData!B26	0
H116	=IF(MyData!$C$5="cm",G116,F116)	7'1“
B117	=MyData!B27	0
H117	=IF(MyData!$C$5="cm",G117,F117)	7'2“
B118	=MyData!B31	example1
H118	=IF(MyData!$C$5="cm",G118,F118)	7'3“
B119	=MyData!B32	example2
H119	=IF(MyData!$C$5="cm",G119,F119)	7'4“
B120	=MyData!B33	example3
H120	=IF(MyData!$C$5="cm",G120,F120)	7'5“
B121	=MyData!B34	example4
H121	=IF(MyData!$C$5="cm",G121,F121)	7'6“
B122	=MyData!B35	0
B123	=MyData!B36	0
B124	=MyData!B37	0
B125	=MyData!B38	0
B126	=MyData!B39	0
B127	=MyData!B40	0
B128	=MyData!B41	0
B129	=MyData!B42	0
B130	=MyData!B43	0
B131	=MyData!B44	0
B132	=MyData!B45	0
B133	=MyData!B46	0
B134	=MyData!B47	0
B135	=MyData!B48	0
B136	=MyData!B49	0
B137	=MyData!B50	0
B138	=MyData!B51	0
B139	=MyData!B52	0