"„all the latest parameter estimates for Buzzerbeater in one big sheet, scroll at will“",,,,,,,,,,,,,,,,,,,,,,,,,,,,,,,,,,,,,,,,,,,,,,,,,,,,,,,,,,,,,,,,,,,,,,,,,,,,,,,,,,,,,,,,,,,,,,,,,,,,,,,,,,,,,,,,,,,,,,,,,,,,,,,
,,,,,,,,,,,,,,,,Salary Inflator,,,,,,,coeff1normal,,,0.9557920,,,,,,,,,,,,,Level,,,,Enthusiasm,,,Home Court,,,,,DMI,,,,,,,GS,,,,,,,,,,,,,,,,,,,,,,,,,,,,,,,,,,,,,,,,,,,,,,,,,,,,,,,,,,,,,,,,,,,,,
,,,,,,,,,,,,,,,,,,,,,,,coeff2normal,,,0.0290190,,,,,,,,,,,,,1,atrocious,,,,6.4%,,16.3%,16.3%,,1,,constant_term,,,,0.1,,,constant_term,,,,8.75,,,,,,,,,,,,,,,,,,,,,,,,,,,,,,,,,,,,,,,,,,,,,,,,,,,,,,,,,,,,,,,,,
,,,,,,,,,,,,,,,,,,,,,,,coeff1monster,,,1.1831070,,,,,,,,,,,,,2,pitiful,,,,5.1%,,12.9%,,,2,,multiplier_exponential_GS,,,,0.76,,,multiplier_signomial_GSold,,,,0.36,,,,,,,,,,,,,,,,,,,,,,,,,,,,,,,,,,,,,,,,,,,,,,,,,,,,,,,,,,,,,,,,,
,,,,,,,,,,,,,,,,,,,,,,,coeff2monster,,,0.0469170,,,,,,,,,,,,,3,awful,,,,4.3%,,10.9%,,,3,,decay_exponential_GS,,,,1.13567746,,,exponent_signomial_GSold,,,,1.2,,,,,,,,,,,,,,,,,,,,,,,,,,,,,,,,,,,,,,,,,,,,,,,,,,,,,,,,,,,,,,,,,
,,,,Potential,,,,,,,,,,,,Salary,,,,,,,,,,,,,,,,,,,,,,,4,inept,,,,3.7%,,9.5%,,,4,,multiplier_signomial_GS,,,,0.01578066,,,multiplier_signomial_minutes,,,,0.00036,,,,,,,,,,,,,,,,,,,,,,,,,,,,,,,,,,,,,,,,,,,,,,,,,,,,,,,,,,,,,,,,,
,,,,,JS,JR,OD,HA,DR,PA,IS,"ID",RB,SB,,,JS,JR,OD,HA,DR,PA,IS,"ID",RB,SB,const,,,,,,,,,,,,5,mediocre,,,,3.3%,,8.4%,,,5,,exponent_signomial_GS,,,,0.9,,,exponent_signomial_minutes,,,,2.145,,,,,,,,,,,,,,,,,,,,,,,,,,,,,,,,,,,,,,,,,,,,,,,,,,,,,,,,,,,,,,,,,
,,,,PG,18%,28%,30%,23%,11%,50%,5%,5%,20%,3%,,PG,3%,4%,8%,8%,4%,16%,,,4%,,300,,Priority Tactics,,,,,,,,,,6,average,,,,3.0%,,7.6%,,,6,,multiplier_ST,,,,0.035,,,random_relative,,,,10%,,,,,,,,,,,,,,,,,,,,,,,,,,,,,,,,,,,,,,,,,,,,,,,,,,,,,,,,,,,,,,,,,
,,,,SG,45%,41%,40%,6%,6%,7%,6%,10%,25%,3%,,SG,13%,13%,14%,,,,,,7%,,300,,,,,,Pri,nPri,,stamina2,,,7,respectable,,,,2.8%,,7.0%,,,7,,multiplier_FT,,,,0.018,,,,,,,,,,,,,,,,,,,,,,,,,,,,,,,,,,,,,,,,,,,,,,,,,,,,,,,,,,,,,,,,,,,,,,,,
,,,,SF,60%,23%,30%,5%,5%,3%,10%,20%,35%,3%,,SF,17%,10%,6%,,,,,7%,10%,,300,,Base Offense,,,,13%,13%,,0.67,,,8,strong,,,,2.6%,,6.5%,,,8,,,,,,,,,,,,,,,,,,,,,,,,,,,,,,,,,,,,,,,,,,,,,,,,,,,,,,,,,,,,,,,,,,,,,,,,,,,,,,
,,,,PF,34%,6%,5%,5%,5%,3%,40%,40%,40%,16%,,PF,9%,,,,,,13%,12%,11%,5%,300,,Push the Ball,,,,13%,13%,,0.75,,,9,proficient,,,,2.4%,,6.0%,,,9,,,,,,,,,Enthusiasm,,,,,,,,,,,,,,,,,,,,,,,,,,,,,,,,,,,,,,,,,,,,,,,,,,,,,,,,,,,,,,,,,,,,,
,,,,C,8%,15%,0%,3%,3%,3%,46%,42%,45%,23%,,C,,,,,,,16%,13%,12%,6%,300,,Patient,,,,13%,13%,,0.67,,,10,prominent,,,,2.2%,,5.6%,,,10,,,,,,,,,multiplier_distFrom5,,,,0.9535,,,,,,,,,,,,,,,,,,,,,,,,,,,,,,,,,,,,,,,,,,,,,,,,,,,,,,,,,,,,,,,,,
,,,,,,,,,,,,,,,,,,,,,,,,,,,,,Look Inside,,,,13%,13%,,0.80,,,11,prolific,,,,2.1%,,5.3%,,,11,,,,,,,,,expdecaymultiplier_distFrom5,,,,0.0167,,,,,,,,,,,,,,,,,,,,,,,,,,,,,,,,,,,,,,,,,,,,,,,,,,,,,,,,,,,,,,,,,
,Sum of team ratings,,,,,,,,,,,,,,,,,,,,,,,,,,,,Low Post,,,,13%,13%,,0.78,,,12,sensational,,,,2.0%,,5.0%,,,12,,,,,,,,,,,,,,,,,,,,,,,,,,,,,,,,,,,,,,,,,,,,,,,,,,,,,,,,,,,,,,,,,,,,,,,,,,,,,,
,,JS,JR,OD,HA,DR,PA,IS,"ID",RB,SB,abs,rel,,Team Rating Modifiers,,,,,,,Enthusiasm,,,Home Court,,,,Motion,,,,13%,13%,,0.79,,,13,tremendous,,,,1.9%,,4.8%,,,13,,,,,,,,,,,,,,,,,,,,,,,,,,,,,,,,,,,,,,,,,,,,,,,,,,,,,,,,,,,,,,,,,,,,,,,,,,,,,,
,PG,.08,.13,.16,.14,.01,.28,.02,.01,.09,.01,.93,23%,,,,,,Game Shape,,,,0.09,,,0.235103311,,,Run and Gun,,,,13%,13%,,0.78,,,14,wondrous,,,,1.8%,,4.5%,,,14,,,,,,,,,,,,,,,,,,,,,,,,,,,,,,,,,,,,,,,,,,,,,,,,,,,,,,,,,,,,,,,,,,,,,,,,,,,,,,
,SG,.11,.11,.20,.07,.00,.17,.02,.01,.07,.02,.79,19%,,Outside Scoring,,,,,7.6%,,,,,,,,,Princeton,,,,13%,13%,,0.76,,,15,marvelous,,,,1.7%,,4.3%,,,15,,,,,,,,,,,,,,,,,,,,,,,,,,,,,,,,,,,,,,,,,,,,,,,,,,,,,,,,,,,,,,,,,,,,,,,,,,,,,,
,SF,.08,.05,.12,.07,.01,.14,.14,.10,.13,.02,.86,21%,,Inside Scoring,,,,,7.3%,,,,,,,,,Man to man,,,,20%,20%,,0.82,,,16,prodigious,,,,1.6%,,4.2%,,,16,,,,,,,,,,,,,,,,,,,,,,,,,,,,,,,,,,,,,,,,,,,,,,,,,,,,,,,,,,,,,,,,,,,,,,,,,,,,,,
,PF,.02,.03,.04,.06,.01,.04,.18,.16,.15,.01,.72,18%,,Perimeter Defense,,,,,5.5%,,,0.09,,,0.239733995,,,2-3 Zone,,,,20%,20%,,0.76,,,17,stupendous,,,,1.6%,,4.0%,,,17,,,,,,,,,,,,,,,,,,,,,,,,,,,,,,,,,,,,Stamina,,5,mediocre,,,,energy1,,4,,,,,,,,,,,,,energy2,,0.86,,,,,energy1,,4,,,,,,,,,,,
,C,.00,.03,.01,.06,.01,.02,.26,.23,.18,.01,.83,20%,,Inside Defense,,,,,4.5%,,,0.09,,,0.240650954,,,3-2 Zone,,,,20%,20%,,0.73,,,18,phenomenal,,,,1.5%,,3.8%,,,18,,0,low,,,,,,,,,,,,,,,,,,,,,,,,,,,,,,,,,,,,,,,,,,,,,,,,,,,,,,,,,,,,,,,,,,,,,,,,,,,
,abs,.30,.35,.53,.40,.05,.66,.63,.51,.63,.07,4.13,,,Rebounding,,,,,4.2%,,,0.10,,,0.224924985,,,1-3-1 Zone,,,,20%,20%,,0.81,,,19,colossal,,,,1.5%,,3.7%,,,19,,1,medium,,,,,,,,,,,,,,,,,,,,,,,,,,,,,,,,,,,,,,,,,,,,,,,,,,,,,,,,,,,,,,,,,,,,,,,,,,,
,rel,7%,9%,13%,10%,1%,16%,15%,12%,15%,2%,,,,Offensive Flow,,,,,7.3%,,,,,,,,,Full Court Press,,,,20%,20%,,0.63,,,20,legendary ,,,,1.4%,,3.6%,,,20,,2,high,,,,,,,,,,,,,,,,,,,,,,,,,,,,,,,,,,,,,,,,,,,,,,,,,,,,,,,,,,,,,,,,,,,,,,,,,,,
,Outside Scoring,,,,,,,,,,,,,,Inside Scoring,,,,,,,,,,,,,,Perimeter Defense,,,,,,,,,,,,,,Inside Defense,,,,,,,,,,,,,,Rebounding,,,,,,,,,,,,,,Offensive Flow,,,,,,,,,,,,,,,,,,,,,,,,,,,,,,,,,,,,,,,,,,,,,,,,,,,,,,,,
,,JS,JR,OD,HA,DR,PA,IS,"ID",RB,SB,abs,rel,,,JS,JR,OD,HA,DR,PA,IS,"ID",RB,SB,abs,rel,,,JS,JR,OD,HA,DR,PA,IS,"ID",RB,SB,abs,rel,,,JS,JR,OD,HA,DR,PA,IS,"ID",RB,SB,abs,rel,,,JS,JR,OD,HA,DR,PA,IS,"ID",RB,SB,abs,rel,,,JS,JR,OD,HA,DR,PA,IS,"ID",RB,SB,abs,rel,,,,,,,,,,,,,,,,,,,,,,,,,,,,,,,,,,,,,,,,,,,,
,PG,.08,.12,.00,.02,.00,.01,.00,.00,.00,.00,.24,32%,,PG,.00,.00,.00,.01,.00,.01,.01,.00,.00,.00,.04,6%,,PG,.00,.00,.16,.02,.00,.01,.00,.00,.01,.00,.20,28%,,PG,.00,.00,.00,.01,.00,.01,.00,.00,.00,.00,.04,6%,,PG,.00,.01,.00,.00,.00,.01,.01,.00,.07,.00,.10,15%,,PG,.00,.00,.00,.08,.01,.23,.01,.00,.00,.00,.32,47%,,,,,,,,,,,,,,,,,,,,,,,,,,,,,,,,,,,,,,,,,,,,
,SG,.11,.09,.00,.01,.00,.02,.00,.00,.00,.00,.24,33%,,SG,.00,.01,.00,.00,.00,.01,.01,.00,.00,.00,.03,5%,,SG,.00,.00,.20,.02,.00,.01,.00,.00,.00,.01,.24,34%,,SG,.00,.00,.00,.01,.00,.02,.00,.00,.00,.01,.04,6%,,SG,.00,.01,.00,.00,.00,.01,.01,.00,.06,.00,.08,13%,,SG,.00,.00,.00,.03,.00,.11,.01,.00,.00,.00,.15,22%,,,,,,,,,,,,,,,,,,,,,,,,,,,,,,,,,,,,,,,,,,,,
,SF,.07,.03,.00,.01,.00,.01,.00,.00,.01,.00,.14,19%,,SF,.00,.01,.00,.00,.00,.01,.12,.00,.00,.00,.15,22%,,SF,.00,.00,.12,.02,.00,.01,.00,.00,.00,.01,.16,22%,,SF,.00,.00,.00,.01,.00,.01,.00,.09,.01,.02,.14,21%,,SF,.00,.01,.00,.00,.00,.01,.01,.00,.11,.00,.14,22%,,SF,.00,.00,.00,.03,.00,.09,.01,.00,.00,.00,.13,20%,,,,,,,,,,,,,,,,,,,,,,,,,,,,,,,,,,,,,,,,,,,,
,PF,.02,.02,.00,.01,.01,.01,.00,.00,.00,.00,.06,9%,,PF,.00,.01,.00,.00,.00,.01,.17,.00,.01,.00,.20,29%,,PF,.00,.00,.04,.02,.00,.00,.00,.00,.01,.01,.07,10%,,PF,.00,.00,.00,.01,.00,.00,.00,.16,.01,.01,.19,29%,,PF,.00,.01,.00,.00,.00,.01,.01,.00,.12,.00,.15,23%,,PF,.00,.00,.00,.02,.00,.02,.01,.00,.00,.00,.04,7%,,,,,,,,,,,,,,,,,,,,,,,,,,,,,,,,,,,,,,,,,,,,
,C,.00,.01,.00,.02,.01,.00,.00,.00,.01,.00,.05,7%,,C,.00,.00,.00,.00,.00,.00,.25,.00,.01,.00,.27,39%,,C,.00,.00,.01,.02,.00,.00,.00,.00,.00,.01,.04,5%,,C,.00,.00,.00,.01,.00,.00,.00,.23,.01,.01,.26,39%,,C,.00,.01,.00,.00,.00,.01,.01,.00,.14,.00,.18,27%,,C,.00,.00,.00,.01,.00,.00,.01,.00,.01,.00,.03,4%,,,,,,,,,,,,,,,,,,,,,,,,,,,,,,,,,,,,,,,,,,,,
,abs,.28,.28,.00,.07,.02,.05,.00,.00,.03,.00,.73,,,abs,.00,.03,.00,.02,.01,.04,.56,.00,.02,.00,.69,,,abs,.00,.00,.52,.09,.00,.04,.00,.01,.02,.03,.71,,,abs,.00,.00,.01,.05,.00,.05,.00,.49,.03,.05,.67,,,abs,.01,.05,.00,.00,.00,.04,.04,.01,.51,.00,.65,,,abs,.00,.00,.00,.16,.01,.45,.04,.00,.01,.00,.67,,,,,,,,,,,,,,,,,,,,,,,,,,,,,,,,,,,,,,,,,,,,,
,rel,39%,38%,%,10%,3%,7%,%,%,4%,%,,,,rel,1%,5%,%,3%,2%,6%,81%,%,3%,%,,,,rel,%,%,74%,13%,%,5%,%,1%,3%,4%,,,,rel,%,%,2%,7%,%,7%,%,73%,4%,7%,,,,rel,2%,7%,%,%,%,7%,5%,1%,78%,%,,,,rel,%,%,%,24%,2%,66%,5%,%,2%,%,,,,,,,,,,,,,,,,,,,,,,,,,,,,,,,,,,,,,,,,,,,,,,
,,,,,,,,cell,energy1,,energy2,,,,,,,,,,,cell,energy1,,energy2,,,,,,,,,,,cell,energy1,,energy2,,,,,,,,,,,cell,energy1,,energy2,,,,,,,,,,,cell,energy1,,energy2,,,,,,,,,,,cell,energy1,,energy2,,,,,,,,,,,,,,,,,,,,,,,,,,,,,,,,,,,,,,,,,,,,,,
,Base Offense,,,,,,,51,4,,0.87316418,,,,Base Offense,,,,,,,51,4,,0.559879305,,,,Base Offense,,,,,,,51,4,,0.55,,,,Base Offense,,,,,,,51,4,,0.910825312,,,,Base Offense,,,,,,,51,4,,0.55,,,,Base Offense,,,,,,,51,4,,0.550000003,,,,,,,,,,,,,,,,,,,,,,,,,,,,,,,,,,,,,,,,,,,,,,
,Push the Ball,,,,,,,61,4,,0.875380184,,,,Push the Ball,,,,,,,61,4,,0.903601612,,,,Push the Ball,,,,,,,61,4,,0.55,,,,Push the Ball,,,,,,,61,4,,0.759041302,,,,Push the Ball,,,,,,,61,4,,0.643924813,,,,Push the Ball,,,,,,,61,4,,0.766782479,,,,,,,,,,,,,,,,,,,,,,,,,,,,,,,,,,,,,,,,,,,,,,
,Patient,,,,,,,71,4,,0.786648256,,,,Patient,,,,,,,71,4,,0.82186176,,,,Patient,,,,,,,71,4,,0.55,,,,Patient,,,,,,,71,4,,0.55,,,,Patient,,,,,,,71,4,,0.55,,,,Patient,,,,,,,71,4,,0.77619268,,,,energy2 vs minutes,,,,,,,,,,,energy2 vs minutes,,,,,,,,,,,stamina vs minutes,,,,,,,,,,,stamina vs minutes,,,,,,,,,
,Look Inside,,,,,,,81,4,,0.936227609,,,,Look Inside,,,,,,,81,4,,1.148298653,,,,Look Inside,,,,,,,81,4,,0.55,,,,Look Inside,,,,,,,81,4,,0.690188909,,,,Look Inside,,,,,,,81,4,,0.55,,,,Look Inside,,,,,,,81,4,,0.913055428,,,,,16,20,24,28,32,36,40,44,48,,,16,20,24,28,32,36,40,44,48,,,16,20,24,28,32,36,40,44,48,,,16,20,24,28,32,36,40,44,48
,Low Post,,,,,,,91,4,,0.835681603,,,,Low Post,,,,,,,91,4,,0.924056787,,,,Low Post,,,,,,,91,4,,0.55,,,,Low Post,,,,,,,91,4,,0.774823335,,,,Low Post,,,,,,,91,4,,0.694347713,,,,Low Post,,,,,,,91,4,,0.878750976,,,,1.4,1.00,1.00,1.00,1.00,1.00,.99,.99,.99,.98,,1.4,,1.00,1.00,.99,.99,.98,.97,.95,.93,,10,1.00,1.00,1.00,1.00,1.00,1.00,.99,.99,.99,,10,,1.00,1.00,.99,.99,.98,.98,.96,.95
,Motion,,,,,,,101,4,,0.848217806,,,,Motion,,,,,,,101,4,,0.889947414,,,,Motion,,,,,,,101,4,,0.681013438,,,,Motion,,,,,,,101,4,,0.789330199,,,,Motion,,,,,,,101,4,,0.658432877,,,,Motion,,,,,,,101,4,,0.87936871,,,,1.3,1.00,1.00,1.00,1.00,1.00,.99,.99,.99,.98,,1.3,,1.00,1.00,.99,.99,.98,.97,.95,.93,,9,1.00,1.00,1.00,1.00,1.00,1.00,.99,.99,.99,,9,,1.00,1.00,.99,.99,.98,.97,.96,.94
,Run and Gun,,,,,,,111,4,,0.889168939,,,,Run and Gun,,,,,,,111,4,,0.997019008,,,,Run and Gun,,,,,,,111,4,,0.639140882,,,,Run and Gun,,,,,,,111,4,,0.708037325,,,,Run and Gun,,,,,,,111,4,,0.55,,,,Run and Gun,,,,,,,111,4,,0.866999575,,,,1.2,1.00,1.00,1.00,1.00,1.00,.99,.99,.99,.98,,1.2,,1.00,1.00,.99,.99,.98,.96,.95,.92,,8,1.00,1.00,1.00,1.00,1.00,1.00,.99,.99,.98,,8,,1.00,1.00,.99,.99,.98,.97,.95,.93
,Princeton,,,,,,,121,4,,0.871903614,,,,Princeton,,,,,,,121,4,,0.933117107,,,,Princeton,,,,,,,121,4,,0.655725993,,,,Princeton,,,,,,,121,4,,0.55710988,,,,Princeton,,,,,,,121,4,,0.689026433,,,,Princeton,,,,,,,121,4,,0.873462109,,,,1.1,1.00,1.00,1.00,1.00,1.00,.99,.99,.99,.98,,1.1,,1.00,1.00,.99,.98,.97,.96,.94,.92,,7,1.00,1.00,1.00,1.00,1.00,.99,.99,.99,.98,,7,,1.00,1.00,.99,.99,.98,.96,.95,.92
,Man to man,,,,,,,131,4,,0.647533639,,,,Man to man,,,,,,,131,4,,1.141810618,,,,Man to man,,,,,,,131,4,,0.638194252,,,,Man to man,,,,,,,131,4,,0.873018192,,,,Man to man,,,,,,,131,4,,0.670541363,,,,Man to man,,,,,,,131,4,,0.973899695,,,,1.0,1.00,1.00,1.00,1.00,1.00,.99,.99,.98,.98,,1.0,,1.00,1.00,.99,.98,.97,.96,.94,.91,,6,1.00,1.00,1.00,1.00,1.00,.99,.99,.99,.98,,6,,1.00,1.00,.99,.98,.97,.96,.94,.91
,2-3 Zone,,,,,,,141,4,,0.984098913,,,,2-3 Zone,,,,,,,141,4,,0.877929562,,,,2-3 Zone,,,,,,,141,3.999990726,,0.55,,,,2-3 Zone,,,,,,,141,4,,0.805865433,,,,2-3 Zone,,,,,,,141,4,,0.643840878,,,,2-3 Zone,,,,,,,141,4,,0.677305866,,,,0.9,1.00,1.00,1.00,1.00,1.00,.99,.99,.98,.98,,0.9,,1.00,.99,.99,.98,.97,.95,.93,.90,,5,1.00,1.00,1.00,1.00,1.00,.99,.99,.98,.98,,5,,1.00,.99,.99,.98,.97,.95,.93,.90
,3-2 Zone,,,,,,,151,4,,0.55,,,,3-2 Zone,,,,,,,151,4,,0.876509424,,,,3-2 Zone,,,,,,,151,4,,0.650443422,,,,3-2 Zone,,,,,,,151,4,,0.777139155,,,,3-2 Zone,,,,,,,151,4,,0.703457162,,,,3-2 Zone,,,,,,,151,4,,0.847213052,,,,0.8,1.00,1.00,1.00,1.00,.99,.99,.99,.98,.97,,0.8,,1.00,.99,.99,.98,.96,.94,.91,.88,,4,1.00,1.00,1.00,1.00,.99,.99,.98,.98,.97,,4,,1.00,.99,.99,.98,.96,.94,.91,.87
,1-3-1 Zone,,,,,,,161,4,,0.957422377,,,,1-3-1 Zone,,,,,,,161,4,,1.040323192,,,,1-3-1 Zone,,,,,,,161,4,,0.574114952,,,,1-3-1 Zone,,,,,,,161,4,,0.728624165,,,,1-3-1 Zone,,,,,,,161,4,,0.663317945,,,,1-3-1 Zone,,,,,,,161,4,,0.894060305,,,,0.7,1.00,1.00,1.00,1.00,.99,.99,.98,.97,.96,,0.7,,1.00,.99,.98,.97,.95,.93,.89,.85,,3,1.00,1.00,1.00,1.00,.99,.99,.98,.97,.96,,3,,1.00,.99,.98,.97,.95,.92,.88,.83
,Full Court Press,,,,,,,171,4,,0.813777475,,,,Full Court Press,,,,,,,171,4,,0.55,,,,Full Court Press,,,,,,,171,4,,0.673020535,,,,Full Court Press,,,,,,,171,4,,0.55,,,,Full Court Press,,,,,,,171,4,,0.5587995,,,,Full Court Press,,,,,,,171,4,,0.660233909,,,,0.6,1.00,1.00,1.00,.99,.99,.98,.98,.96,.95,,0.6,,.99,.99,.98,.96,.94,.90,.85,.79,,2,1.00,1.00,1.00,.99,.99,.98,.97,.96,.94,,2,,.99,.99,.97,.95,.92,.88,.82,.74
,,,,,,,,,,,,,,,,,,,,,,,,,,,,,,,,,,,,,,,,,,,,,,,,,,,,,,,,,,,,,,,,,,,,,,,,,,,,,,,,,,,,,,,,,,,,,,,,,,,,,,,,,,,1,1.00,1.00,.99,.99,.98,.96,.94,.91,.88,,1,,.99,.97,.95,.90,.84,.76,.64,.50
,Base Offense,,,,,,,Outside Scoring,,,,,,,Base Offense,,,,,,,Inside Scoring,,,,,,,,,,,,,,,,,,,,,,,,,,,,,,,,,,,Base Offense,,,,,,,Rebounding,,,,,,,Base Offense,,,,,,,Offensive Flow,,,,,,,,,,,,,,,,,,,,,,,,,,,,,,,,,,,,,,,,,,,,,,,,,
,,JS,JR,OD,HA,DR,PA,IS,"ID",RB,SB,abs,rel,,,JS,JR,OD,HA,DR,PA,IS,"ID",RB,SB,abs,rel,,,,,,,,,,,,,,,,,,,,,,,,,,,,,,,JS,JR,OD,HA,DR,PA,IS,"ID",RB,SB,abs,rel,,,JS,JR,OD,HA,DR,PA,IS,"ID",RB,SB,abs,rel,,,,,,,,,,,,,,,,,,,,,,,,,,,,,,,,,,,,,,,,,,,,
,PG,.09,.12,.00,.00,.00,.00,.00,.00,.01,.00,.22,32%,,PG,.00,.01,.00,.00,.00,.01,.00,.00,.00,.00,.02,2%,,,,,,,,,,,,,,,,,,,,,,,,,,,,,,PG,.00,.01,.00,.00,.00,.00,.00,.00,.04,.00,.05,15%,,PG,.00,.00,.00,.07,.00,.24,.01,.00,.00,.00,.32,49%,,,,,,,,,,,,,,,,,,,,,,,,,,,,,,,,,,,,,,,,,,,,
,SG,.12,.10,.00,.00,.00,.00,.00,.00,.01,.00,.23,33%,,SG,.00,.02,.00,.00,.00,.00,.02,.00,.00,.00,.04,5%,,,,,,,,,,,,,,,,,,,,,,,,,,,,,,SG,.00,.01,.00,.00,.00,.00,.00,.00,.05,.00,.06,17%,,SG,.00,.00,.00,.03,.00,.08,.00,.00,.00,.00,.11,17%,,,,,,,,,,,,,,,,,,,,,,,,,,,,,,,,,,,,,,,,,,,,
,SF,.10,.03,.00,.00,.00,.00,.00,.00,.01,.00,.14,20%,,SF,.00,.03,.00,.00,.00,.00,.12,.00,.00,.00,.16,23%,,,,,,,,,,,,,,,,,,,,,,,,,,,,,,SF,.00,.01,.00,.00,.00,.00,.00,.00,.05,.00,.06,18%,,SF,.00,.00,.00,.04,.01,.09,.00,.00,.00,.00,.15,23%,,,,,,,,,,,,,,,,,,,,,,,,,,,,,,,,,,,,,,,,,,,,
,PF,.01,.02,.00,.00,.01,.00,.00,.00,.01,.00,.05,7%,,PF,.00,.02,.00,.00,.00,.00,.18,.00,.00,.00,.20,29%,,,,,,,,,,,,,,,,,,,,,,,,,,,,,,PF,.00,.01,.00,.00,.00,.00,.00,.00,.06,.00,.08,22%,,PF,.00,.00,.00,.01,.01,.00,.01,.00,.01,.00,.03,5%,,,,,,,,,,,,,,,,,,,,,,,,,,,,,,,,,,,,,,,,,,,,
,C,.00,.02,.00,.00,.02,.00,.00,.00,.01,.00,.05,8%,,C,.00,.00,.00,.01,.00,.00,.27,.00,.01,.00,.28,40%,,,,,,,,,,,,,,,,,,,,,,,,,,,,,,C,.00,.01,.00,.00,.00,.00,.00,.00,.08,.00,.09,27%,,C,.00,.00,.00,.00,.01,.00,.02,.00,.01,.00,.04,6%,,,,,,,,,,,,,,,,,,,,,,,,,,,,,,,,,,,,,,,,,,,,
,abs,.33,.28,.00,.00,.03,.01,.00,.00,.04,.00,.69,,,abs,.00,.07,.00,.01,.02,.01,.58,.00,.01,.00,.71,,,,,,,,,,,,,,,,,,,,,,,,,,,,,,,abs,.00,.04,.00,.00,.00,.02,.01,.00,.27,.00,.35,,,abs,.00,.00,.00,.16,.03,.41,.04,.00,.02,.00,.66,,,,,,,,,,,,,,,,,,,,,,,,,,,,,,,,,,,,,,,,,,,,,
,rel,47%,41%,%,%,5%,1%,%,%,6%,%,,,,rel,%,9%,%,2%,2%,2%,82%,%,2%,%,,,,,,,,,,,,,,,,,,,,,,,,,,,,,,,,rel,%,11%,%,%,%,5%,3%,1%,79%,%,,,,rel,%,%,%,24%,4%,62%,6%,%,4%,%,,,,,,,,,,,,,,,,,,,,,,,,,,,,,,,,,,,,,,,,,,,,,,
,Push the Ball,,,,,,,Outside Scoring,,,,,,,Push the Ball,,,,,,,Inside Scoring,,,,,,,,,,,,,,,,,,,,,,,,,,,,,,,,,,,Push the Ball,,,,,,,Rebounding,,,,,,,Push the Ball,,,,,,,Offensive Flow,,,,,,,,,,,,,,,,,,,,,,,,,,,,,,,,,,,,,,,,,,,,,,,,,
,,JS,JR,OD,HA,DR,PA,IS,"ID",RB,SB,abs,rel,,,JS,JR,OD,HA,DR,PA,IS,"ID",RB,SB,abs,rel,,,,,,,,,,,,,,,,,,,,,,,,,,,,,,,JS,JR,OD,HA,DR,PA,IS,"ID",RB,SB,abs,rel,,,JS,JR,OD,HA,DR,PA,IS,"ID",RB,SB,abs,rel,,,,,,,,,,,,,,,,,,,,,,,,,,,,,,,,,,,,,,,,,,,,
,PG,.08,.14,.00,.02,.00,.02,.00,.00,.01,.00,.27,38%,,PG,.00,.00,.00,.01,.00,.02,.01,.00,.00,.00,.04,6%,,,,,,,,,,,,,,,,,,,,,,,,,,,,,,PG,.00,.01,.00,.00,.00,.01,.00,.00,.05,.00,.06,19%,,PG,.00,.00,.00,.09,.00,.24,.01,.00,.00,.00,.34,51%,,,,,,,,,,,,,,,,,,,,,,,,,,,,,,,,,,,,,,,,,,,,
,SG,.08,.12,.00,.01,.00,.01,.00,.00,.01,.00,.25,35%,,SG,.00,.01,.00,.00,.00,.01,.02,.00,.00,.00,.05,8%,,,,,,,,,,,,,,,,,,,,,,,,,,,,,,SG,.00,.01,.00,.00,.00,.01,.00,.00,.04,.00,.05,16%,,SG,.00,.00,.00,.03,.00,.10,.00,.00,.00,.00,.13,20%,,,,,,,,,,,,,,,,,,,,,,,,,,,,,,,,,,,,,,,,,,,,
,SF,.07,.00,.00,.03,.01,.03,.00,.00,.00,.00,.14,20%,,SF,.00,.00,.00,.00,.00,.01,.13,.00,.00,.00,.15,22%,,,,,,,,,,,,,,,,,,,,,,,,,,,,,,SF,.00,.01,.00,.00,.00,.01,.00,.00,.04,.00,.06,18%,,SF,.00,.00,.00,.03,.00,.11,.01,.00,.00,.00,.14,21%,,,,,,,,,,,,,,,,,,,,,,,,,,,,,,,,,,,,,,,,,,,,
,PF,.03,.00,.00,.00,.00,.00,.00,.00,.00,.00,.04,5%,,PF,.00,.00,.00,.00,.00,.00,.19,.00,.00,.00,.19,28%,,,,,,,,,,,,,,,,,,,,,,,,,,,,,,PF,.00,.01,.00,.00,.00,.01,.00,.00,.07,.00,.08,25%,,PF,.00,.00,.00,.02,.00,.02,.01,.00,.00,.00,.04,6%,,,,,,,,,,,,,,,,,,,,,,,,,,,,,,,,,,,,,,,,,,,,
,C,.00,.00,.00,.00,.01,.00,.00,.00,.00,.00,.01,1%,,C,.00,.00,.00,.00,.00,.00,.25,.00,.00,.00,.25,37%,,,,,,,,,,,,,,,,,,,,,,,,,,,,,,C,.00,.01,.00,.00,.00,.00,.00,.00,.06,.00,.08,24%,,C,.00,.00,.00,.01,.00,.00,.00,.00,.00,.00,.01,2%,,,,,,,,,,,,,,,,,,,,,,,,,,,,,,,,,,,,,,,,,,,,
,abs,.26,.27,.00,.05,.02,.06,.00,.00,.03,.00,.70,,,abs,.01,.01,.00,.02,.00,.05,.60,.00,.01,.00,.70,,,,,,,,,,,,,,,,,,,,,,,,,,,,,,,abs,.00,.03,.00,.00,.00,.03,.02,.00,.26,.00,.34,,,abs,.00,.00,.00,.17,.00,.47,.03,.00,.00,.00,.66,,,,,,,,,,,,,,,,,,,,,,,,,,,,,,,,,,,,,,,,,,,,,
,rel,38%,39%,%,8%,3%,9%,%,%,4%,%,,,,rel,1%,2%,%,3%,%,7%,86%,%,1%,%,,,,,,,,,,,,,,,,,,,,,,,,,,,,,,,,rel,%,9%,%,%,%,9%,6%,1%,75%,%,,,,rel,%,%,%,25%,%,70%,4%,%,%,%,,,,,,,,,,,,,,,,,,,,,,,,,,,,,,,,,,,,,,,,,,,,,,
,Patient,,,,,,,Outside Scoring,,,,,,,Patient,,,,,,,Inside Scoring,,,,,,,,,,,,,,,,,,,,,,,,,,,,,,,,,,,Patient,,,,,,,Rebounding,,,,,,,Patient,,,,,,,Offensive Flow,,,,,,,,,,,,,,,,,,,,,,,,,,,,,,,,,,,,,,,,,,,,,,,,,
,,JS,JR,OD,HA,DR,PA,IS,"ID",RB,SB,abs,rel,,,JS,JR,OD,HA,DR,PA,IS,"ID",RB,SB,abs,rel,,,,,,,,,,,,,,,,,,,,,,,,,,,,,,,JS,JR,OD,HA,DR,PA,IS,"ID",RB,SB,abs,rel,,,JS,JR,OD,HA,DR,PA,IS,"ID",RB,SB,abs,rel,,,,,,,,,,,,,,,,,,,,,,,,,,,,,,,,,,,,,,,,,,,,
,PG,.08,.13,.00,.05,.00,.00,.00,.00,.00,.00,.27,39%,,PG,.00,.01,.00,.04,.00,.00,.00,.00,.00,.00,.05,7%,,,,,,,,,,,,,,,,,,,,,,,,,,,,,,PG,.00,.01,.00,.00,.00,.01,.01,.00,.04,.00,.06,17%,,PG,.00,.00,.00,.09,.00,.21,.01,.00,.00,.00,.30,45%,,,,,,,,,,,,,,,,,,,,,,,,,,,,,,,,,,,,,,,,,,,,
,SG,.09,.10,.00,.03,.00,.00,.00,.00,.00,.00,.23,33%,,SG,.00,.00,.00,.01,.00,.00,.00,.00,.00,.00,.02,3%,,,,,,,,,,,,,,,,,,,,,,,,,,,,,,SG,.00,.00,.00,.00,.00,.01,.01,.00,.01,.00,.03,9%,,SG,.00,.00,.00,.05,.00,.09,.01,.00,.00,.00,.16,23%,,,,,,,,,,,,,,,,,,,,,,,,,,,,,,,,,,,,,,,,,,,,
,SF,.06,.03,.00,.01,.00,.00,.00,.00,.00,.00,.11,16%,,SF,.02,.00,.00,.01,.00,.02,.12,.00,.00,.00,.18,25%,,,,,,,,,,,,,,,,,,,,,,,,,,,,,,SF,.00,.00,.00,.00,.00,.01,.01,.00,.05,.00,.06,18%,,SF,.00,.00,.00,.03,.00,.07,.01,.00,.00,.00,.12,18%,,,,,,,,,,,,,,,,,,,,,,,,,,,,,,,,,,,,,,,,,,,,
,PF,.00,.03,.00,.01,.00,.01,.00,.00,.00,.00,.05,7%,,PF,.00,.00,.00,.01,.00,.02,.17,.00,.00,.00,.20,28%,,,,,,,,,,,,,,,,,,,,,,,,,,,,,,PF,.00,.00,.00,.00,.00,.01,.01,.00,.06,.00,.07,21%,,PF,.00,.00,.00,.03,.00,.01,.02,.00,.01,.00,.06,10%,,,,,,,,,,,,,,,,,,,,,,,,,,,,,,,,,,,,,,,,,,,,
,C,.00,.01,.00,.00,.00,.00,.00,.00,.02,.00,.04,6%,,C,.00,.00,.00,.00,.00,.00,.26,.00,.00,.00,.26,37%,,,,,,,,,,,,,,,,,,,,,,,,,,,,,,C,.00,.01,.00,.00,.00,.01,.00,.00,.10,.00,.13,36%,,C,.00,.00,.00,.01,.00,.00,.01,.00,.01,.00,.03,4%,,,,,,,,,,,,,,,,,,,,,,,,,,,,,,,,,,,,,,,,,,,,
,abs,.24,.30,.00,.11,.01,.02,.00,.00,.02,.00,.69,,,abs,.02,.01,.00,.07,.00,.05,.55,.00,.00,.00,.71,,,,,,,,,,,,,,,,,,,,,,,,,,,,,,,abs,.00,.03,.00,.00,.00,.03,.03,.00,.26,.00,.35,,,abs,.00,.00,.00,.21,.00,.39,.07,.00,.01,.00,.67,,,,,,,,,,,,,,,,,,,,,,,,,,,,,,,,,,,,,,,,,,,,,
,rel,34%,44%,%,16%,1%,3%,%,%,3%,%,,,,rel,3%,2%,%,10%,1%,6%,78%,%,%,%,,,,,,,,,,,,,,,,,,,,,,,,,,,,,,,,rel,%,7%,%,%,%,8%,9%,%,76%,%,,,,rel,%,%,%,31%,%,57%,10%,%,2%,%,,,,,,,,,,,,,,,,,,,,,,,,,,,,,,,,,,,,,,,,,,,,,,
,Look Inside,,,,,,,Outside Scoring,,,,,,,Look Inside,,,,,,,Inside Scoring,,,,,,,,,,,,,,,,,,,,,,,,,,,,,,,,,,,Look Inside,,,,,,,Rebounding,,,,,,,Look Inside,,,,,,,Offensive Flow,,,,,,,,,,,,,,,,,,,,,,,,,,,,,,,,,,,,,,,,,,,,,,,,,
,,JS,JR,OD,HA,DR,PA,IS,"ID",RB,SB,abs,rel,,,JS,JR,OD,HA,DR,PA,IS,"ID",RB,SB,abs,rel,,,,,,,,,,,,,,,,,,,,,,,,,,,,,,,JS,JR,OD,HA,DR,PA,IS,"ID",RB,SB,abs,rel,,,JS,JR,OD,HA,DR,PA,IS,"ID",RB,SB,abs,rel,,,,,,,,,,,,,,,,,,,,,,,,,,,,,,,,,,,,,,,,,,,,
,PG,.06,.11,.00,.02,.01,.00,.00,.00,.00,.00,.20,31%,,PG,.00,.00,.00,.00,.01,.01,.01,.00,.01,.00,.04,5%,,,,,,,,,,,,,,,,,,,,,,,,,,,,,,PG,.00,.01,.00,.00,.00,.01,.00,.00,.03,.00,.05,13%,,PG,.00,.00,.00,.07,.00,.25,.00,.00,.00,.00,.32,47%,,,,,,,,,,,,,,,,,,,,,,,,,,,,,,,,,,,,,,,,,,,,
,SG,.07,.08,.00,.01,.00,.00,.00,.00,.00,.00,.16,25%,,SG,.00,.02,.00,.00,.00,.00,.01,.00,.00,.00,.03,4%,,,,,,,,,,,,,,,,,,,,,,,,,,,,,,SG,.00,.01,.00,.00,.00,.01,.00,.00,.03,.00,.05,15%,,SG,.00,.00,.00,.02,.00,.10,.00,.00,.00,.00,.12,17%,,,,,,,,,,,,,,,,,,,,,,,,,,,,,,,,,,,,,,,,,,,,
,SF,.06,.03,.00,.02,.00,.01,.00,.00,.01,.00,.13,21%,,SF,.00,.00,.00,.00,.00,.00,.15,.00,.00,.00,.16,20%,,,,,,,,,,,,,,,,,,,,,,,,,,,,,,SF,.00,.00,.00,.00,.00,.01,.01,.00,.05,.00,.07,19%,,SF,.00,.00,.00,.03,.00,.10,.00,.00,.00,.00,.13,20%,,,,,,,,,,,,,,,,,,,,,,,,,,,,,,,,,,,,,,,,,,,,
,PF,.01,.02,.00,.02,.01,.01,.00,.00,.01,.00,.08,12%,,PF,.00,.00,.00,.00,.00,.00,.21,.00,.02,.00,.24,30%,,,,,,,,,,,,,,,,,,,,,,,,,,,,,,PF,.00,.01,.00,.00,.00,.01,.01,.00,.07,.00,.09,24%,,PF,.00,.00,.00,.03,.00,.03,.00,.00,.01,.00,.07,10%,,,,,,,,,,,,,,,,,,,,,,,,,,,,,,,,,,,,,,,,,,,,
,C,.00,.03,.00,.01,.01,.01,.00,.00,.00,.00,.07,10%,,C,.00,.01,.00,.00,.00,.00,.28,.00,.03,.00,.33,41%,,,,,,,,,,,,,,,,,,,,,,,,,,,,,,C,.00,.01,.00,.00,.00,.00,.01,.00,.09,.00,.11,29%,,C,.00,.00,.00,.03,.00,.01,.00,.00,.01,.00,.04,6%,,,,,,,,,,,,,,,,,,,,,,,,,,,,,,,,,,,,,,,,,,,,
,abs,.19,.26,.00,.08,.04,.03,.00,.00,.03,.00,.63,,,abs,.00,.03,.00,.00,.01,.01,.67,.00,.07,.00,.79,,,,,,,,,,,,,,,,,,,,,,,,,,,,,,,abs,.00,.03,.00,.00,.00,.04,.02,.00,.27,.00,.37,,,abs,.00,.00,.00,.17,.00,.49,.01,.00,.02,.00,.68,,,,,,,,,,,,,,,,,,,,,,,,,,,,,,,,,,,,,,,,,,,,,
,rel,31%,41%,%,13%,6%,4%,%,%,5%,%,,,,rel,%,4%,%,%,1%,2%,85%,%,9%,%,,,,,,,,,,,,,,,,,,,,,,,,,,,,,,,,rel,%,9%,%,%,%,11%,7%,%,73%,%,,,,rel,%,%,%,25%,%,71%,1%,%,2%,%,,,,,,,,,,,,,,,,,,,,,,,,,,,,,,,,,,,,,,,,,,,,,,
,Low Post,,,,,,,Outside Scoring,,,,,,,Low Post,,,,,,,Inside Scoring,,,,,,,,,,,,,,,,,,,,,,,,,,,,,,,,,,,Low Post,,,,,,,Rebounding,,,,,,,Low Post,,,,,,,Offensive Flow,,,,,,,,,,,,,,,,,,,,,,,,,,,,,,,,,,,,,,,,,,,,,,,,,
,,JS,JR,OD,HA,DR,PA,IS,"ID",RB,SB,abs,rel,,,JS,JR,OD,HA,DR,PA,IS,"ID",RB,SB,abs,rel,,,,,,,,,,,,,,,,,,,,,,,,,,,,,,,JS,JR,OD,HA,DR,PA,IS,"ID",RB,SB,abs,rel,,,JS,JR,OD,HA,DR,PA,IS,"ID",RB,SB,abs,rel,,,,,,,,,,,,,,,,,,,,,,,,,,,,,,,,,,,,,,,,,,,,
,PG,.07,.07,.00,.00,.00,.00,.00,.00,.00,.00,.14,23%,,PG,.00,.00,.00,.01,.01,.02,.00,.00,.00,.00,.05,6%,,,,,,,,,,,,,,,,,,,,,,,,,,,,,,PG,.00,.01,.00,.00,.00,.01,.00,.00,.06,.00,.08,21%,,PG,.00,.00,.00,.07,.00,.22,.00,.00,.00,.00,.29,45%,,,,,,,,,,,,,,,,,,,,,,,,,,,,,,,,,,,,,,,,,,,,
,SG,.10,.07,.00,.01,.00,.03,.00,.00,.00,.00,.20,33%,,SG,.00,.00,.00,.00,.00,.04,.00,.00,.00,.00,.05,6%,,,,,,,,,,,,,,,,,,,,,,,,,,,,,,SG,.00,.01,.00,.00,.00,.01,.00,.00,.04,.00,.05,14%,,SG,.00,.00,.00,.04,.00,.11,.01,.00,.00,.00,.15,23%,,,,,,,,,,,,,,,,,,,,,,,,,,,,,,,,,,,,,,,,,,,,
,SF,.06,.03,.00,.01,.00,.02,.00,.00,.00,.00,.12,19%,,SF,.00,.00,.00,.00,.00,.01,.14,.00,.00,.00,.14,18%,,,,,,,,,,,,,,,,,,,,,,,,,,,,,,SF,.00,.01,.00,.00,.00,.01,.00,.00,.07,.00,.09,23%,,SF,.00,.00,.00,.02,.00,.10,.01,.00,.00,.00,.13,19%,,,,,,,,,,,,,,,,,,,,,,,,,,,,,,,,,,,,,,,,,,,,
,PF,.00,.00,.00,.03,.00,.00,.00,.00,.01,.00,.04,6%,,PF,.00,.00,.00,.01,.00,.01,.21,.00,.00,.00,.23,29%,,,,,,,,,,,,,,,,,,,,,,,,,,,,,,PF,.00,.01,.00,.00,.00,.01,.00,.00,.06,.00,.08,20%,,PF,.00,.00,.00,.02,.00,.03,.00,.00,.00,.00,.05,7%,,,,,,,,,,,,,,,,,,,,,,,,,,,,,,,,,,,,,,,,,,,,
,C,.00,.03,.00,.06,.03,.00,.00,.00,.02,.00,.13,21%,,C,.00,.00,.00,.01,.00,.00,.31,.00,.01,.00,.34,42%,,,,,,,,,,,,,,,,,,,,,,,,,,,,,,C,.00,.01,.00,.00,.00,.00,.00,.00,.07,.00,.08,22%,,C,.00,.00,.00,.03,.00,.00,.01,.00,.00,.00,.04,6%,,,,,,,,,,,,,,,,,,,,,,,,,,,,,,,,,,,,,,,,,,,,
,abs,.23,.20,.00,.10,.03,.05,.00,.00,.03,.00,.63,,,abs,.00,.01,.00,.03,.01,.08,.66,.00,.02,.00,.80,,,,,,,,,,,,,,,,,,,,,,,,,,,,,,,abs,.00,.04,.00,.00,.00,.03,.01,.00,.30,.00,.38,,,abs,.00,.00,.00,.17,.00,.46,.03,.00,.00,.00,.66,,,,,,,,,,,,,,,,,,,,,,,,,,,,,,,,,,,,,,,,,,,,,
,rel,36%,32%,%,15%,4%,8%,%,%,5%,%,,,,rel,%,1%,%,4%,1%,9%,82%,%,2%,%,,,,,,,,,,,,,,,,,,,,,,,,,,,,,,,,rel,1%,10%,%,%,%,7%,4%,%,78%,%,,,,rel,%,%,%,26%,%,69%,4%,%,1%,%,,,,,,,,,,,,,,,,,,,,,,,,,,,,,,,,,,,,,,,,,,,,,,
,Motion,,,,,,,Outside Scoring,,,,,,,Motion,,,,,,,Inside Scoring,,,,,,,,,,,,,,,,,,,,,,,,,,,,,,,,,,,Motion,,,,,,,Rebounding,,,,,,,Motion,,,,,,,Offensive Flow,,,,,,,,,,,,,,,,,,,,,,,,,,,,,,,,,,,,,,,,,,,,,,,,,
,,JS,JR,OD,HA,DR,PA,IS,"ID",RB,SB,abs,rel,,,JS,JR,OD,HA,DR,PA,IS,"ID",RB,SB,abs,rel,,,,,,,,,,,,,,,,,,,,,,,,,,,,,,,JS,JR,OD,HA,DR,PA,IS,"ID",RB,SB,abs,rel,,,JS,JR,OD,HA,DR,PA,IS,"ID",RB,SB,abs,rel,,,,,,,,,,,,,,,,,,,,,,,,,,,,,,,,,,,,,,,,,,,,
,PG,.06,.14,.00,.05,.00,.04,.00,.00,.00,.00,.29,34%,,PG,.00,.01,.00,.00,.02,.00,.01,.00,.00,.00,.03,5%,,,,,,,,,,,,,,,,,,,,,,,,,,,,,,PG,.00,.00,.00,.00,.00,.00,.00,.01,.01,.00,.02,8%,,PG,.00,.00,.00,.06,.03,.23,.00,.00,.00,.00,.32,46%,,,,,,,,,,,,,,,,,,,,,,,,,,,,,,,,,,,,,,,,,,,,
,SG,.09,.07,.00,.03,.00,.10,.00,.00,.00,.00,.29,35%,,SG,.00,.01,.00,.00,.00,.00,.00,.00,.01,.00,.02,3%,,,,,,,,,,,,,,,,,,,,,,,,,,,,,,SG,.00,.00,.00,.00,.00,.00,.00,.01,.03,.00,.03,12%,,SG,.00,.00,.00,.02,.01,.12,.03,.00,.01,.00,.20,29%,,,,,,,,,,,,,,,,,,,,,,,,,,,,,,,,,,,,,,,,,,,,
,SF,.05,.02,.00,.02,.00,.00,.00,.00,.05,.00,.13,16%,,SF,.00,.02,.00,.00,.01,.02,.10,.00,.00,.00,.16,26%,,,,,,,,,,,,,,,,,,,,,,,,,,,,,,SF,.00,.00,.00,.00,.00,.02,.00,.00,.05,.00,.07,24%,,SF,.00,.00,.00,.02,.00,.09,.01,.00,.01,.00,.12,18%,,,,,,,,,,,,,,,,,,,,,,,,,,,,,,,,,,,,,,,,,,,,
,PF,.03,.00,.00,.02,.02,.01,.00,.00,.00,.00,.07,8%,,PF,.00,.01,.00,.00,.02,.00,.13,.00,.00,.00,.17,28%,,,,,,,,,,,,,,,,,,,,,,,,,,,,,,PF,.00,.00,.00,.00,.00,.00,.00,.00,.03,.00,.03,11%,,PF,.00,.00,.00,.01,.00,.00,.00,.00,.00,.00,.01,1%,,,,,,,,,,,,,,,,,,,,,,,,,,,,,,,,,,,,,,,,,,,,
,C,.01,.00,.00,.05,.00,.00,.00,.00,.01,.00,.06,7%,,C,.00,.00,.00,.00,.00,.00,.21,.00,.01,.00,.23,38%,,,,,,,,,,,,,,,,,,,,,,,,,,,,,,C,.01,.01,.00,.00,.00,.01,.00,.00,.10,.00,.13,44%,,C,.00,.00,.00,.00,.00,.00,.02,.00,.02,.00,.04,6%,,,,,,,,,,,,,,,,,,,,,,,,,,,,,,,,,,,,,,,,,,,,
,abs,.23,.22,.00,.17,.02,.15,.00,.00,.05,.00,.85,,,abs,.00,.05,.00,.00,.05,.03,.45,.00,.02,.00,.60,,,,,,,,,,,,,,,,,,,,,,,,,,,,,,,abs,.01,.01,.00,.00,.00,.03,.00,.02,.21,.00,.28,,,abs,.00,.00,.00,.11,.04,.44,.06,.00,.04,.00,.68,,,,,,,,,,,,,,,,,,,,,,,,,,,,,,,,,,,,,,,,,,,,,
,rel,27%,26%,%,20%,2%,18%,%,%,6%,%,,,,rel,%,8%,%,%,9%,5%,74%,%,4%,%,,,,,,,,,,,,,,,,,,,,,,,,,,,,,,,,rel,3%,4%,%,%,%,10%,%,8%,74%,%,,,,rel,%,%,%,15%,5%,64%,9%,%,6%,%,,,,,,,,,,,,,,,,,,,,,,,,,,,,,,,,,,,,,,,,,,,,,,
,Run and Gun,,,,,,,Outside Scoring,,,,,,,Run and Gun,,,,,,,Inside Scoring,,,,,,,,,,,,,,,,,,,,,,,,,,,,,,,,,,,Run and Gun,,,,,,,Rebounding,,,,,,,Run and Gun,,,,,,,Offensive Flow,,,,,,,,,,,,,,,,,,,,,,,,,,,,,,,,,,,,,,,,,,,,,,,,,
,,JS,JR,OD,HA,DR,PA,IS,"ID",RB,SB,abs,rel,,,JS,JR,OD,HA,DR,PA,IS,"ID",RB,SB,abs,rel,,,,,,,,,,,,,,,,,,,,,,,,,,,,,,,JS,JR,OD,HA,DR,PA,IS,"ID",RB,SB,abs,rel,,,JS,JR,OD,HA,DR,PA,IS,"ID",RB,SB,abs,rel,,,,,,,,,,,,,,,,,,,,,,,,,,,,,,,,,,,,,,,,,,,,
,PG,.12,.14,.00,.00,.00,.01,.00,.00,.00,.00,.27,33%,,PG,.00,.00,.00,.00,.00,.01,.01,.00,.01,.00,.04,6%,,,,,,,,,,,,,,,,,,,,,,,,,,,,,,PG,.00,.00,.00,.00,.00,.00,.00,.00,.01,.00,.02,6%,,PG,.00,.00,.00,.09,.00,.24,.01,.00,.00,.00,.34,51%,,,,,,,,,,,,,,,,,,,,,,,,,,,,,,,,,,,,,,,,,,,,
,SG,.15,.11,.00,.00,.00,.01,.00,.00,.00,.00,.27,33%,,SG,.00,.00,.00,.00,.00,.01,.01,.00,.00,.00,.03,5%,,,,,,,,,,,,,,,,,,,,,,,,,,,,,,SG,.00,.00,.00,.00,.00,.00,.00,.00,.01,.00,.02,7%,,SG,.00,.00,.00,.02,.00,.11,.01,.00,.00,.00,.14,20%,,,,,,,,,,,,,,,,,,,,,,,,,,,,,,,,,,,,,,,,,,,,
,SF,.08,.06,.00,.00,.00,.01,.00,.00,.00,.00,.15,19%,,SF,.00,.00,.00,.00,.00,.01,.11,.00,.00,.00,.13,21%,,,,,,,,,,,,,,,,,,,,,,,,,,,,,,SF,.00,.00,.00,.00,.00,.00,.00,.00,.05,.00,.06,23%,,SF,.00,.00,.00,.02,.00,.11,.01,.00,.00,.00,.14,21%,,,,,,,,,,,,,,,,,,,,,,,,,,,,,,,,,,,,,,,,,,,,
,PF,.03,.03,.00,.01,.00,.01,.00,.00,.00,.00,.07,9%,,PF,.00,.01,.00,.00,.00,.01,.14,.00,.00,.00,.16,27%,,,,,,,,,,,,,,,,,,,,,,,,,,,,,,PF,.00,.00,.00,.00,.00,.00,.00,.00,.06,.00,.07,26%,,PF,.00,.00,.00,.01,.00,.02,.00,.00,.00,.00,.04,6%,,,,,,,,,,,,,,,,,,,,,,,,,,,,,,,,,,,,,,,,,,,,
,C,.00,.04,.00,.01,.00,.01,.00,.00,.00,.00,.06,7%,,C,.00,.01,.00,.00,.00,.01,.22,.00,.00,.00,.24,41%,,,,,,,,,,,,,,,,,,,,,,,,,,,,,,C,.00,.01,.00,.00,.00,.00,.00,.00,.09,.00,.10,38%,,C,.00,.00,.00,.00,.00,.00,.01,.00,.00,.00,.01,2%,,,,,,,,,,,,,,,,,,,,,,,,,,,,,,,,,,,,,,,,,,,,
,abs,.37,.38,.00,.02,.01,.04,.00,.00,.00,.00,.82,,,abs,.00,.03,.00,.01,.00,.06,.49,.00,.01,.00,.59,,,,,,,,,,,,,,,,,,,,,,,,,,,,,,,abs,.00,.02,.00,.00,.00,.00,.01,.02,.23,.00,.27,,,abs,.00,.00,.00,.14,.02,.48,.03,.00,.00,.00,.67,,,,,,,,,,,,,,,,,,,,,,,,,,,,,,,,,,,,,,,,,,,,,
,rel,46%,46%,%,2%,1%,4%,%,%,1%,%,,,,rel,%,4%,%,1%,%,10%,83%,%,2%,%,,,,,,,,,,,,,,,,,,,,,,,,,,,,,,,,rel,%,7%,%,%,%,%,3%,7%,83%,%,,,,rel,%,%,%,21%,2%,72%,4%,%,%,%,,,,,,,,,,,,,,,,,,,,,,,,,,,,,,,,,,,,,,,,,,,,,,
,Princeton,,,,,,,Outside Scoring,,,,,,,Princeton,,,,,,,Inside Scoring,,,,,,,,,,,,,,,,,,,,,,,,,,,,,,,,,,,Princeton,,,,,,,Rebounding,,,,,,,Princeton,,,,,,,Offensive Flow,,,,,,,,,,,,,,,,,,,,,,,,,,,,,,,,,,,,,,,,,,,,,,,,,
,,JS,JR,OD,HA,DR,PA,IS,"ID",RB,SB,abs,rel,,,JS,JR,OD,HA,DR,PA,IS,"ID",RB,SB,abs,rel,,,,,,,,,,,,,,,,,,,,,,,,,,,,,,,JS,JR,OD,HA,DR,PA,IS,"ID",RB,SB,abs,rel,,,JS,JR,OD,HA,DR,PA,IS,"ID",RB,SB,abs,rel,,,,,,,,,,,,,,,,,,,,,,,,,,,,,,,,,,,,,,,,,,,,
,PG,.11,.12,.00,.01,.00,.00,.00,.00,.00,.00,.23,28%,,PG,.00,.01,.00,.00,.00,.00,.03,.00,.00,.00,.05,9%,,,,,,,,,,,,,,,,,,,,,,,,,,,,,,PG,.00,.00,.00,.00,.00,.00,.00,.00,.03,.00,.04,14%,,PG,.00,.00,.00,.07,.01,.20,.01,.00,.00,.00,.30,43%,,,,,,,,,,,,,,,,,,,,,,,,,,,,,,,,,,,,,,,,,,,,
,SG,.14,.11,.00,.01,.00,.01,.00,.00,.00,.00,.27,33%,,SG,.00,.01,.00,.00,.00,.01,.00,.00,.00,.00,.02,4%,,,,,,,,,,,,,,,,,,,,,,,,,,,,,,SG,.00,.00,.00,.00,.00,.00,.00,.00,.04,.00,.05,16%,,SG,.00,.00,.00,.04,.01,.13,.01,.00,.00,.00,.19,27%,,,,,,,,,,,,,,,,,,,,,,,,,,,,,,,,,,,,,,,,,,,,
,SF,.11,.04,.00,.02,.00,.01,.00,.00,.00,.00,.19,23%,,SF,.00,.01,.00,.01,.00,.01,.10,.00,.00,.00,.14,23%,,,,,,,,,,,,,,,,,,,,,,,,,,,,,,SF,.00,.00,.00,.00,.00,.00,.00,.00,.05,.00,.06,22%,,SF,.00,.00,.00,.04,.00,.08,.01,.00,.00,.00,.13,19%,,,,,,,,,,,,,,,,,,,,,,,,,,,,,,,,,,,,,,,,,,,,
,PF,.05,.03,.00,.02,.00,.01,.00,.00,.00,.00,.12,14%,,PF,.00,.01,.00,.01,.00,.01,.14,.00,.02,.00,.19,31%,,,,,,,,,,,,,,,,,,,,,,,,,,,,,,PF,.01,.00,.00,.00,.00,.00,.00,.00,.07,.00,.08,28%,,PF,.00,.00,.00,.03,.00,.02,.01,.00,.00,.00,.05,8%,,,,,,,,,,,,,,,,,,,,,,,,,,,,,,,,,,,,,,,,,,,,
,C,.00,.00,.00,.01,.00,.00,.00,.00,.00,.00,.02,2%,,C,.00,.01,.00,.01,.00,.00,.17,.00,.01,.00,.20,34%,,,,,,,,,,,,,,,,,,,,,,,,,,,,,,C,.01,.00,.00,.00,.00,.00,.00,.00,.05,.00,.06,20%,,C,.00,.00,.00,.02,.00,.00,.00,.00,.00,.00,.02,4%,,,,,,,,,,,,,,,,,,,,,,,,,,,,,,,,,,,,,,,,,,,,
,abs,.40,.30,.00,.07,.01,.04,.00,.00,.01,.00,.83,,,abs,.00,.05,.00,.04,.00,.03,.45,.00,.04,.00,.61,,,,,,,,,,,,,,,,,,,,,,,,,,,,,,,abs,.02,.00,.00,.00,.00,.01,.01,.00,.24,.00,.29,,,abs,.00,.00,.00,.19,.03,.44,.03,.00,.00,.00,.70,,,,,,,,,,,,,,,,,,,,,,,,,,,,,,,,,,,,,,,,,,,,,
,rel,48%,36%,%,9%,2%,5%,%,%,1%,%,,,,rel,%,8%,%,6%,%,5%,75%,%,6%,%,,,,,,,,,,,,,,,,,,,,,,,,,,,,,,,,rel,8%,1%,%,%,%,4%,5%,%,82%,%,,,,rel,%,%,%,28%,4%,63%,5%,%,%,%,,,,,,,,,,,,,,,,,,,,,,,,,,,,,,,,,,,,,,,,,,,,,,
,,,,,,,,,,,,,,,,,,,,,,,,,,,,,Man to man,,,,,,,Perimeter Defense,,,,,,,Man to man,,,,,,,Inside Defense,,,,,,,Man to man,,,,,,,Rebounding,,,,,,,,,,,,,,,,,,,,,,,,,,,,,,,,,,,,,,,,,,,,,,,,,,,,,,,,,,,,,,,
,,,,,,,,,,,,,,,,,,,,,,,,,,,,,,JS,JR,OD,HA,DR,PA,IS,"ID",RB,SB,abs,rel,,,JS,JR,OD,HA,DR,PA,IS,"ID",RB,SB,abs,rel,,,JS,JR,OD,HA,DR,PA,IS,"ID",RB,SB,abs,rel,,,,,,,,,,,,,,,,,,,,,,,,,,,,,,,,,,,,,,,,,,,,,,,,,,,,,,,,,,
,,,,,,,,,,,,,,,,,,,,,,,,,,,,,PG,.00,.00,.16,.03,.00,.01,.00,.00,.00,.00,.20,28%,,PG,.00,.00,.00,.01,.00,.02,.00,.00,.01,.00,.04,5%,,PG,.00,.01,.00,.00,.00,.00,.00,.00,.04,.00,.05,15%,,,,,,,,,,,,,,,,,,,,,,,,,,,,,,,,,,,,,,,,,,,,,,,,,,,,,,,,,,
,,,,,,,,,,,,,,,,,,,,,,,,,,,,,SG,.00,.00,.20,.02,.00,.01,.00,.00,.00,.00,.24,34%,,SG,.00,.00,.00,.01,.00,.01,.00,.01,.01,.00,.04,6%,,SG,.00,.01,.00,.00,.00,.00,.00,.00,.05,.00,.06,17%,,,,,,,,,,,,,,,,,,,,,,,,,,,,,,,,,,,,,,,,,,,,,,,,,,,,,,,,,,
,,,,,,,,,,,,,,,,,,,,,,,,,,,,,SF,.00,.00,.12,.02,.00,.00,.00,.00,.00,.00,.15,22%,,SF,.00,.00,.00,.01,.00,.01,.00,.11,.01,.00,.14,19%,,SF,.00,.01,.00,.00,.00,.00,.00,.00,.05,.00,.07,19%,,,,,,,,,,,,,,,,,,,,,,,,,,,,,,,,,,,,,,,,,,,,,,,,,,,,,,,,,,
,,,,,,,,,,,,,,,,,,,,,,,,,,,,,PF,.00,.00,.04,.02,.00,.00,.00,.00,.01,.00,.08,11%,,PF,.00,.00,.00,.01,.00,.00,.00,.18,.01,.00,.21,30%,,PF,.00,.01,.00,.00,.00,.00,.00,.00,.06,.00,.08,22%,,,,,,,,,,,,,,,,,,,,,,,,,,,,,,,,,,,,,,,,,,,,,,,,,,,,,,,,,,
,,,,,,,,,,,,,,,,,,,,,,,,,,,,,C,.00,.00,.01,.02,.00,.00,.00,.00,.01,.00,.04,6%,,C,.00,.00,.00,.01,.00,.00,.00,.25,.01,.00,.28,40%,,C,.00,.01,.00,.00,.00,.00,.00,.00,.08,.00,.09,26%,,,,,,,,,,,,,,,,,,,,,,,,,,,,,,,,,,,,,,,,,,,,,,,,,,,,,,,,,,
,,,,,,,,,,,,,,,,,,,,,,,,,,,,,abs,.00,.00,.54,.11,.00,.02,.00,.01,.02,.01,.71,,,abs,.00,.00,.01,.05,.00,.04,.00,.55,.05,.01,.71,,,abs,.01,.03,.00,.00,.00,.01,.02,.00,.28,.00,.35,,,,,,,,,,,,,,,,,,,,,,,,,,,,,,,,,,,,,,,,,,,,,,,,,,,,,,,,,,,
,,,,,,,,,,,,,,,,,,,,,,,,,,,,,rel,%,%,76%,15%,%,3%,%,2%,3%,1%,,,,rel,%,%,1%,6%,%,6%,%,78%,7%,2%,,,,rel,2%,8%,%,%,%,4%,5%,1%,80%,%,,,,,,,,,,,,,,,,,,,,,,,,,,,,,,,,,,,,,,,,,,,,,,,,,,,,,,,,,,,,
,,,,,,,,,,,,,,,,,,,,,,,,,,,,,2-3 Zone,,,,,,,Perimeter Defense,,,,,,,2-3 Zone,,,,,,,Inside Defense,,,,,,,2-3 Zone,,,,,,,Rebounding,,,,,,,,,,,,,,,,,,,,,,,,,,,,,,,,,,,,,,,,,,,,,,,,,,,,,,,,,,,,,,,
,,,,,,,,,,,,,,,,,,,,,,,,,,,,,,JS,JR,OD,HA,DR,PA,IS,"ID",RB,SB,abs,rel,,,JS,JR,OD,HA,DR,PA,IS,"ID",RB,SB,abs,rel,,,JS,JR,OD,HA,DR,PA,IS,"ID",RB,SB,abs,rel,,,,,,,,,,,,,,,,,,,,,,,,,,,,,,,,,,,,,,,,,,,,,,,,,,,,,,,,,,
,,,,,,,,,,,,,,,,,,,,,,,,,,,,,PG,.00,.00,.10,.02,.00,.00,.00,.00,.01,.01,.13,23%,,PG,.00,.00,.00,.02,.00,.02,.00,.00,.00,.00,.04,4%,,PG,.00,.00,.00,.00,.00,.01,.00,.00,.06,.00,.07,15%,,,,,,,,,,,,,,,,,,,,,,,,,,,,,,,,,,,,,,,,,,,,,,,,,,,,,,,,,,
,,,,,,,,,,,,,,,,,,,,,,,,,,,,,SG,.00,.00,.16,.02,.00,.00,.00,.00,.01,.01,.19,34%,,SG,.00,.00,.00,.01,.00,.03,.00,.00,.01,.02,.06,8%,,SG,.00,.00,.00,.00,.00,.00,.00,.00,.03,.00,.04,8%,,,,,,,,,,,,,,,,,,,,,,,,,,,,,,,,,,,,,,,,,,,,,,,,,,,,,,,,,,
,,,,,,,,,,,,,,,,,,,,,,,,,,,,,SF,.00,.00,.09,.02,.00,.00,.00,.00,.01,.01,.12,22%,,SF,.00,.00,.00,.02,.00,.02,.00,.12,.00,.02,.19,23%,,SF,.00,.00,.00,.00,.00,.01,.01,.00,.11,.00,.13,29%,,,,,,,,,,,,,,,,,,,,,,,,,,,,,,,,,,,,,,,,,,,,,,,,,,,,,,,,,,
,,,,,,,,,,,,,,,,,,,,,,,,,,,,,PF,.00,.00,.02,.02,.00,.00,.00,.00,.01,.01,.06,11%,,PF,.00,.00,.00,.01,.00,.00,.00,.18,.01,.01,.22,27%,,PF,.00,.01,.00,.00,.00,.01,.01,.00,.08,.00,.11,24%,,,,,,,,,,,,,,,,,,,,,,,,,,,,,,,,,,,,,,,,,,,,,,,,,,,,,,,,,,
,,,,,,,,,,,,,,,,,,,,,,,,,,,,,C,.00,.00,.01,.02,.00,.00,.00,.00,.01,.01,.05,9%,,C,.00,.00,.01,.00,.00,.00,.00,.28,.01,.00,.30,37%,,C,.00,.01,.00,.00,.00,.00,.01,.00,.08,.00,.11,23%,,,,,,,,,,,,,,,,,,,,,,,,,,,,,,,,,,,,,,,,,,,,,,,,,,,,,,,,,,
,,,,,,,,,,,,,,,,,,,,,,,,,,,,,abs,.00,.00,.38,.09,.00,.01,.00,.00,.03,.05,.55,,,abs,.00,.00,.01,.06,.00,.06,.00,.58,.03,.06,.80,,,abs,.00,.03,.00,.00,.00,.02,.03,.01,.36,.00,.46,,,,,,,,,,,,,,,,,,,,,,,,,,,,,,,,,,,,,,,,,,,,,,,,,,,,,,,,,,,
,,,,,,,,,,,,,,,,,,,,,,,,,,,,,rel,%,%,68%,16%,%,1%,%,%,6%,9%,,,,rel,%,%,2%,8%,%,8%,%,72%,3%,7%,,,,rel,%,7%,%,%,%,5%,8%,2%,79%,%,,,,,,,,,,,,,,,,,,,,,,,,,,,,,,,,,,,,,,,,,,,,,,,,,,,,,,,,,,,,
,,,,,,,,,,,,,,,,,,,,,,,,,,,,,3-2 Zone,,,,,,,Perimeter Defense,,,,,,,3-2 Zone,,,,,,,Inside Defense,,,,,,,3-2 Zone,,,,,,,Rebounding,,,,,,,,,,,,,,,,,,,,,,,,,,,,,,,,,,,,,,,,,,,,,,,,,,,,,,,,,,,,,,,
,,,,,,,,,,,,,,,,,,,,,,,,,,,,,,JS,JR,OD,HA,DR,PA,IS,"ID",RB,SB,abs,rel,,,JS,JR,OD,HA,DR,PA,IS,"ID",RB,SB,abs,rel,,,JS,JR,OD,HA,DR,PA,IS,"ID",RB,SB,abs,rel,,,,,,,,,,,,,,,,,,,,,,,,,,,,,,,,,,,,,,,,,,,,,,,,,,,,,,,,,,
,,,,,,,,,,,,,,,,,,,,,,,,,,,,,PG,.00,.00,.16,.02,.00,.02,.00,.00,.00,.00,.21,27%,,PG,.00,.00,.00,.01,.00,.02,.00,.00,.00,.01,.05,8%,,PG,.00,.00,.00,.00,.00,.00,.01,.00,.03,.00,.04,13%,,,,,,,,,,,,,,,,,,,,,,,,,,,,,,,,,,,,,,,,,,,,,,,,,,,,,,,,,,
,,,,,,,,,,,,,,,,,,,,,,,,,,,,,SG,.00,.00,.22,.02,.00,.02,.00,.00,.00,.01,.27,34%,,SG,.00,.00,.00,.01,.00,.02,.00,.00,.00,.01,.04,7%,,SG,.00,.00,.00,.00,.00,.00,.01,.00,.02,.00,.04,11%,,,,,,,,,,,,,,,,,,,,,,,,,,,,,,,,,,,,,,,,,,,,,,,,,,,,,,,,,,
,,,,,,,,,,,,,,,,,,,,,,,,,,,,,SF,.00,.00,.15,.02,.00,.02,.00,.00,.00,.01,.19,24%,,SF,.00,.00,.00,.00,.00,.01,.00,.09,.01,.03,.12,20%,,SF,.00,.00,.00,.00,.00,.00,.01,.00,.07,.00,.08,24%,,,,,,,,,,,,,,,,,,,,,,,,,,,,,,,,,,,,,,,,,,,,,,,,,,,,,,,,,,
,,,,,,,,,,,,,,,,,,,,,,,,,,,,,PF,.00,.00,.04,.02,.00,.01,.00,.00,.00,.01,.07,10%,,PF,.00,.00,.00,.00,.00,.01,.00,.14,.01,.01,.18,28%,,PF,.00,.00,.00,.00,.00,.00,.00,.00,.06,.00,.08,23%,,,,,,,,,,,,,,,,,,,,,,,,,,,,,,,,,,,,,,,,,,,,,,,,,,,,,,,,,,
,,,,,,,,,,,,,,,,,,,,,,,,,,,,,C,.00,.00,.00,.02,.00,.01,.00,.00,.00,.00,.04,5%,,C,.00,.00,.00,.01,.00,.01,.00,.20,.01,.00,.23,37%,,C,.00,.00,.00,.00,.00,.00,.00,.00,.09,.00,.10,30%,,,,,,,,,,,,,,,,,,,,,,,,,,,,,,,,,,,,,,,,,,,,,,,,,,,,,,,,,,
,,,,,,,,,,,,,,,,,,,,,,,,,,,,,abs,.00,.00,.56,.08,.00,.09,.00,.00,.01,.03,.77,,,abs,.00,.00,.00,.03,.00,.07,.00,.44,.02,.06,.63,,,abs,.01,.02,.00,.00,.00,.01,.03,.00,.27,.00,.33,,,,,,,,,,,,,,,,,,,,,,,,,,,,,,,,,,,,,,,,,,,,,,,,,,,,,,,,,,,
,,,,,,,,,,,,,,,,,,,,,,,,,,,,,rel,%,%,73%,11%,%,11%,%,%,2%,3%,,,,rel,%,%,1%,5%,%,11%,%,69%,4%,10%,,,,rel,3%,5%,%,%,%,4%,8%,%,80%,%,,,,,,,,,,,,,,,,,,,,,,,,,,,,,,,,,,,,,,,,,,,,,,,,,,,,,,,,,,,,
,,,,,,,,,,,,,,,,,,,,,,,,,,,,,1-3-1 Zone,,,,,,,Perimeter Defense,,,,,,,1-3-1 Zone,,,,,,,Inside Defense,,,,,,,1-3-1 Zone,,,,,,,Rebounding,,,,,,,,,,,,,,,,,,,,,,,,,,,,,,,,,,,,,,,,,,,,,,,,,,,,,,,,,,,,,,,
,,,,,,,,,,,,,,,,,,,,,,,,,,,,,,JS,JR,OD,HA,DR,PA,IS,"ID",RB,SB,abs,rel,,,JS,JR,OD,HA,DR,PA,IS,"ID",RB,SB,abs,rel,,,JS,JR,OD,HA,DR,PA,IS,"ID",RB,SB,abs,rel,,,,,,,,,,,,,,,,,,,,,,,,,,,,,,,,,,,,,,,,,,,,,,,,,,,,,,,,,,
,,,,,,,,,,,,,,,,,,,,,,,,,,,,,PG,.00,.00,.23,.03,.00,.01,.00,.01,.01,.00,.30,35%,,PG,.00,.00,.00,.02,.00,.01,.00,.01,.01,.00,.05,9%,,PG,.00,.00,.00,.00,.00,.01,.00,.00,.04,.00,.05,21%,,,,,,,,,,,,,,,,,,,,,,,,,,,,,,,,,,,,,,,,,,,,,,,,,,,,,,,,,,
,,,,,,,,,,,,,,,,,,,,,,,,,,,,,SG,.00,.00,.24,.02,.00,.02,.00,.01,.01,.00,.30,35%,,SG,.00,.00,.00,.01,.00,.01,.00,.00,.00,.01,.03,5%,,SG,.00,.00,.00,.00,.00,.01,.00,.00,.03,.00,.04,16%,,,,,,,,,,,,,,,,,,,,,,,,,,,,,,,,,,,,,,,,,,,,,,,,,,,,,,,,,,
,,,,,,,,,,,,,,,,,,,,,,,,,,,,,SF,.00,.00,.13,.02,.00,.01,.00,.00,.01,.00,.17,20%,,SF,.00,.00,.00,.01,.00,.01,.00,.08,.01,.02,.12,21%,,SF,.00,.00,.00,.00,.00,.00,.00,.00,.04,.00,.04,18%,,,,,,,,,,,,,,,,,,,,,,,,,,,,,,,,,,,,,,,,,,,,,,,,,,,,,,,,,,
,,,,,,,,,,,,,,,,,,,,,,,,,,,,,PF,.00,.00,.05,.01,.00,.00,.00,.00,.00,.00,.07,8%,,PF,.00,.00,.00,.02,.00,.00,.00,.12,.01,.00,.15,26%,,PF,.00,.00,.00,.00,.00,.00,.00,.00,.05,.00,.06,24%,,,,,,,,,,,,,,,,,,,,,,,,,,,,,,,,,,,,,,,,,,,,,,,,,,,,,,,,,,
,,,,,,,,,,,,,,,,,,,,,,,,,,,,,C,.00,.00,.00,.01,.00,.00,.00,.00,.00,.00,.01,1%,,C,.00,.00,.00,.02,.00,.00,.00,.19,.00,.01,.22,38%,,C,.01,.00,.00,.00,.00,.00,.00,.00,.04,.00,.05,20%,,,,,,,,,,,,,,,,,,,,,,,,,,,,,,,,,,,,,,,,,,,,,,,,,,,,,,,,,,
,,,,,,,,,,,,,,,,,,,,,,,,,,,,,abs,.00,.00,.65,.09,.00,.05,.00,.03,.03,.01,.86,,,abs,.00,.00,.00,.07,.00,.03,.00,.40,.03,.04,.57,,,abs,.01,.01,.00,.00,.00,.02,.01,.00,.19,.00,.24,,,,,,,,,,,,,,,,,,,,,,,,,,,,,,,,,,,,,,,,,,,,,,,,,,,,,,,,,,,
,,,,,,,,,,,,,,,,,,,,,,,,,,,,,rel,%,%,76%,11%,%,6%,%,3%,4%,1%,,,,rel,%,%,%,12%,%,6%,%,69%,6%,7%,,,,rel,5%,3%,%,%,%,9%,5%,%,79%,%,,,,,,,,,,,,,,,,,,,,,,,,,,,,,,,,,,,,,,,,,,,,,,,,,,,,,,,,,,,,
,,,,,,,,,,,,,,,,,,,,,,,,,,,,,Full Court Press,,,,,,,Perimeter Defense,,,,,,,Full Court Press,,,,,,,Inside Defense,,,,,,,Full Court Press,,,,,,,Rebounding,,,,,,,,,,,,,,,,,,,,,,,,,,,,,,,,,,,,,,,,,,,,,,,,,,,,,,,,,,,,,,,
,,,,,,,,,,,,,,,,,,,,,,,,,,,,,,JS,JR,OD,HA,DR,PA,IS,"ID",RB,SB,abs,rel,,,JS,JR,OD,HA,DR,PA,IS,"ID",RB,SB,abs,rel,,,JS,JR,OD,HA,DR,PA,IS,"ID",RB,SB,abs,rel,,,,,,,,,,,,,,,,,,,,,,,,,,,,,,,,,,,,,,,,,,,,,,,,,,,,,,,,,,
,,,,,,,,,,,,,,,,,,,,,,,,,,,,,PG,.00,.00,.14,.02,.00,.00,.00,.00,.00,.01,.18,26%,,PG,.00,.00,.00,.00,.00,.01,.00,.00,.00,.01,.02,3%,,PG,.00,.00,.00,.00,.00,.00,.00,.00,.03,.00,.04,18%,,,,,,,,,,,,,,,,,,,,,,,,,,,,,,,,,,,,,,,,,,,,,,,,,,,,,,,,,,
,,,,,,,,,,,,,,,,,,,,,,,,,,,,,SG,.00,.00,.19,.02,.00,.01,.00,.00,.00,.01,.22,33%,,SG,.00,.00,.00,.00,.00,.01,.00,.00,.00,.01,.03,4%,,SG,.00,.00,.00,.00,.00,.00,.00,.00,.01,.00,.02,10%,,,,,,,,,,,,,,,,,,,,,,,,,,,,,,,,,,,,,,,,,,,,,,,,,,,,,,,,,,
,,,,,,,,,,,,,,,,,,,,,,,,,,,,,SF,.00,.00,.11,.02,.00,.01,.00,.00,.00,.01,.14,21%,,SF,.00,.00,.01,.01,.00,.01,.00,.09,.00,.02,.13,19%,,SF,.00,.00,.00,.00,.00,.01,.00,.00,.03,.00,.04,18%,,,,,,,,,,,,,,,,,,,,,,,,,,,,,,,,,,,,,,,,,,,,,,,,,,,,,,,,,,
,,,,,,,,,,,,,,,,,,,,,,,,,,,,,PF,.00,.00,.04,.02,.00,.00,.00,.00,.00,.01,.08,11%,,PF,.00,.00,.01,.01,.00,.01,.00,.17,.01,.01,.22,33%,,PF,.00,.00,.00,.00,.00,.01,.00,.00,.06,.00,.07,32%,,,,,,,,,,,,,,,,,,,,,,,,,,,,,,,,,,,,,,,,,,,,,,,,,,,,,,,,,,
,,,,,,,,,,,,,,,,,,,,,,,,,,,,,C,.00,.00,.02,.02,.00,.00,.00,.00,.01,.01,.06,9%,,C,.00,.00,.01,.01,.00,.01,.00,.22,.01,.01,.26,40%,,C,.00,.00,.00,.00,.00,.00,.00,.00,.04,.00,.05,22%,,,,,,,,,,,,,,,,,,,,,,,,,,,,,,,,,,,,,,,,,,,,,,,,,,,,,,,,,,
,,,,,,,,,,,,,,,,,,,,,,,,,,,,,abs,.00,.00,.49,.09,.00,.02,.00,.00,.02,.05,.68,,,abs,.00,.00,.02,.03,.00,.04,.00,.48,.02,.06,.65,,,abs,.00,.02,.00,.00,.00,.03,.01,.00,.18,.00,.23,,,,,,,,,,,,,,,,,,,,,,,,,,,,,,,,,,,,,,,,,,,,,,,,,,,,,,,,,,,
,,,,,,,,,,,,,,,,,,,,,,,,,,,,,rel,%,%,73%,14%,%,4%,%,%,3%,7%,,,,rel,%,%,4%,4%,%,6%,%,74%,3%,10%,,,,rel,%,9%,%,%,%,11%,4%,%,76%,%,,,,,,,,,,,,,,,,,,,,,,,,,,,,,,,,,,,,,,,,,,,,,,,,,,,,,,,,,,,,
,Base Offense,,,,,,,Outside Scoring,,,,,,,Base Offense,,,,,,,Inside Scoring,,,,,,,Man to man,,,,,,,Perimeter Defense,,,,,,,Man to man,,,,,,,Inside Defense,,,,,,,Base Offense / Man to man,,,,,,,Rebounding,,,,,,,Base Offense,,,,,,,Offensive Flow,,,,,,,,,,,,,,,,,,,,,,,,,,,,,,,,,,,,,,,,,,,,,,,,,
,51,JS,JR,OD,HA,DR,PA,IS,"ID",RB,SB,abs,rel,,51,JS,JR,OD,HA,DR,PA,IS,"ID",RB,SB,abs,rel,,131,JS,JR,OD,HA,DR,PA,IS,"ID",RB,SB,abs,rel,,131,JS,JR,OD,HA,DR,PA,IS,"ID",RB,SB,abs,rel,,,JS,JR,OD,HA,DR,PA,IS,"ID",RB,SB,abs,rel,,51,JS,JR,OD,HA,DR,PA,IS,"ID",RB,SB,abs,rel,,,,,,,,,,,,,,,,,,,,,,,,,,,,,,,,,,,,,,,,,,,,
1,PG,.09,.12,.00,.00,.00,.00,.00,.00,.01,.00,.22,32%,,PG,.00,.01,.00,.00,.00,.01,.00,.00,.00,.00,.02,2%,0,PG,.00,.00,.16,.03,.00,.01,.00,.00,.00,.00,.20,28%,,PG,.00,.00,.00,.01,.00,.02,.00,.00,.01,.00,.04,5%,,PG,.00,.02,.00,.00,.00,.01,.00,.00,.08,.00,.10,15%,,PG,.00,.00,.00,.07,.00,.24,.01,.00,.00,.00,.32,49%,,,,,,,,,,,,,,,,,,,,,,,,,,,,,,,,,,,,,,,,,,,,
2,SG,.12,.10,.00,.00,.00,.00,.00,.00,.01,.00,.23,33%,,SG,.00,.02,.00,.00,.00,.00,.02,.00,.00,.00,.04,5%,0,SG,.00,.00,.20,.02,.00,.01,.00,.00,.00,.00,.24,34%,,SG,.00,.00,.00,.01,.00,.01,.00,.01,.01,.00,.04,6%,,SG,.00,.01,.00,.00,.00,.01,.01,.00,.09,.00,.12,17%,,SG,.00,.00,.00,.03,.00,.08,.00,.00,.00,.00,.11,17%,,,,,,,,,,,,,,,,,,,,,,,,,,,,,,,,,,,,,,,,,,,,
3,SF,.10,.03,.00,.00,.00,.00,.00,.00,.01,.00,.14,20%,,SF,.00,.03,.00,.00,.00,.00,.12,.00,.00,.00,.16,23%,0,SF,.00,.00,.12,.02,.00,.00,.00,.00,.00,.00,.15,22%,,SF,.00,.00,.00,.01,.00,.01,.00,.11,.01,.00,.14,19%,,SF,.00,.01,.00,.00,.00,.01,.01,.00,.10,.00,.13,19%,,SF,.00,.00,.00,.04,.01,.09,.00,.00,.00,.00,.15,23%,,,,,,,,,,,,,,,,,,,,,,,,,,,,,,,,,,,,,,,,,,,,
4,PF,.01,.02,.00,.00,.01,.00,.00,.00,.01,.00,.05,7%,,PF,.00,.02,.00,.00,.00,.00,.18,.00,.00,.00,.20,29%,0,PF,.00,.00,.04,.02,.00,.00,.00,.00,.01,.00,.08,11%,,PF,.00,.00,.00,.01,.00,.00,.00,.18,.01,.00,.21,30%,,PF,.00,.01,.00,.00,.00,.01,.01,.00,.13,.00,.16,22%,,PF,.00,.00,.00,.01,.01,.00,.01,.00,.01,.00,.03,5%,,,,,,,,,,,,,,,,,,,,,,,,,,,,,,,,,,,,,,,,,,,,
5,C,.00,.02,.00,.00,.02,.00,.00,.00,.01,.00,.05,8%,,C,.00,.00,.00,.01,.00,.00,.27,.00,.01,.00,.28,40%,0,C,.00,.00,.01,.02,.00,.00,.00,.00,.01,.00,.04,6%,,C,.00,.00,.00,.01,.00,.00,.00,.25,.01,.00,.28,40%,,C,.00,.01,.00,.00,.00,.01,.01,.00,.16,.00,.18,26%,,C,.00,.00,.00,.00,.01,.00,.02,.00,.01,.00,.04,6%,,,,,,,,,,,,,,,,,,,,,,,,,,,,,,,,,,,,,,,,,,,,
,abs,.33,.28,.00,.00,.03,.01,.00,.00,.04,.00,.69,,,abs,.00,.07,.00,.01,.02,.01,.58,.00,.01,.00,.71,,,abs,.00,.00,.54,.11,.00,.02,.00,.01,.02,.01,.71,,,abs,.00,.00,.01,.05,.00,.04,.00,.55,.05,.01,.71,,,abs,.01,.07,.00,.00,.00,.03,.03,.01,.55,.00,.70,,,abs,.00,.00,.00,.16,.03,.41,.04,.00,.02,.00,.66,,,,,,,,,,,,,,,,,,,,,,,,,,,,,,,,,,,,,,,,,,,,,
,rel,47%,41%,%,%,5%,1%,%,%,6%,%,,,,rel,%,9%,%,2%,2%,2%,82%,%,2%,%,,,,rel,%,%,76%,15%,%,3%,%,2%,3%,1%,,,,rel,%,%,1%,6%,%,6%,%,78%,7%,2%,,,,rel,1%,10%,%,%,%,5%,4%,1%,79%,%,,,,rel,%,%,%,24%,4%,62%,6%,%,4%,%,,,,,,,,,,,,,,,,,,,,,,,,,,,,,,,,,,,,,,,,,,,,,,
,,,,,,,,,,,,,,,,,,,,,,,,,,,,,,,,,,,,,,,,,,,,,,,,,,,,,,,,,Base Offense,,,,,,,Rebounding,,,,,,,,,,,,,,,,,,,,,,,,,,,,,,,,,,,,,,,,,,,,,,,,,,,,,,,,,,,,,,,
,,,,,,,,,,,,,,,,,,,,,,,,,,,,,,,,,,,,,,,,,,,,,,,,,,,,,,,,,51,JS,JR,OD,HA,DR,PA,IS,"ID",RB,SB,abs,rel,,,,,,,,,,,,,,,,,,,,,,,,,,,,,,,,,,,,,,,,,,,,,,,,,,,,,,,,,,
,,,,,,,,,,,,,,,,,,,,,,,,,,,,,,,,,,,,,,,,,,,,,,,,,,,,,,,,,PG,.00,.01,.00,.00,.00,.00,.00,.00,.04,.00,.05,15%,,,,,,,,,,,,,,,,,,,,,,,,,,,,,,,,,,,,,,,,,,,,,,,,,,,,,,,,,,
,,,,,,,,,,,,,,,,,,,,,,,,,,,,,,,,,,,,,,,,,,,,,,,,,,,,,,,,,SG,.00,.01,.00,.00,.00,.00,.00,.00,.05,.00,.06,17%,,,,,,,,,,,,,,,,,,,,,,,,,,,,,,,,,,,,,,,,,,,,,,,,,,,,,,,,,,
,,,,,,,,,,,,,,,,,,,,,,,,,,,,,,,,,,,,,,,,,,,,,,,,,,,,,,,,,SF,.00,.01,.00,.00,.00,.00,.00,.00,.05,.00,.06,18%,,,,,,,,,,,,,,,,,,,,,,,,,,,,,,,,,,,,,,,,,,,,,,,,,,,,,,,,,,
,,,,,,,,,,,,,,,,,,,,,,,,,,,,,,,,,,,,,,,,,,,,,,,,,,,,,,,,,PF,.00,.01,.00,.00,.00,.00,.00,.00,.06,.00,.08,22%,,,,,,,,,,,,,,,,,,,,,,,,,,,,,,,,,,,,,,,,,,,,,,,,,,,,,,,,,,
,,,,,,,,,,,,,,,,,,,,,,,,,,,,,,,,,,,,,,,,,,,,,,,,,,,,,,,,,C,.00,.01,.00,.00,.00,.00,.00,.00,.08,.00,.09,27%,,,,,,,,,,,,,,,,,,,,,,,,,,,,,,,,,,,,,,,,,,,,,,,,,,,,,,,,,,
New analysis of training speeds based on crowd-sourced data at training.bb-usa.net,,,,,,,,,,,,,,,,,,,,,,,,,,,,,,,,,,,,,,,,,,,,,,,,,,,,,,,,,abs,.00,.04,.00,.00,.00,.02,.01,.00,.27,.00,.35,,,,,,,,,,,,,,,,,,,,,,,,,,,,,,,,,,,,,,,,,,,,,,,,,,,,,,,,,,,
,,,,,,,,,,,,,,,,,,,,,,,,,,,,,,,,,,,,,,,,,,,,,,,,,,,,,,,,,rel,%,11%,%,%,%,5%,3%,1%,79%,%,,,,,,,,,,,,,,,,,,,,,,,,,,,,,,,,,,,,,,,,,,,,,,,,,,,,,,,,,,,,
0.6,PA,,0.75,1to2,,,,,,,,,,,,,,,,,,,,,,,,,,,,,,,,,,,,,,,,,,,,,,,,,,,,,,,,,,,,,,,,,,,,,,,,,,,,,,,,,,,,,,,,,,,,,,,,,,,,,,,,,,,,,,,,,,,,,,,,,,,
0.5,primary,,0.4,1to3,,,,,,,,,,,,,,,,,,,,,,,,,,,,,,,,,,,,,,,,,,,,,,,,,,,,,Man to man,,,,,,,Rebounding,,,,,,,,,,,,,,,,,,,,,,,,,,,,,,,,,,,,,,,,,,,,,,,,,,,,,,,,,,,,,,,
0.4,Prime-corr,,0.44,2to5,,,,,,,,,,,,,,,,,,,,,,,,,,,,,,,,,,,,,,,,,,,,,,,,,,,,,131,JS,JR,OD,HA,DR,PA,IS,"ID",RB,SB,abs,rel,,,,,,,,,,,,,,,,,,,,,,,,,,,,,,,,,,,,,,,,,,,,,,,,,,,,,,,,,,
0.2,split shot,,0.25,1to5,,,,,,,,,,,,,,,,,,,,,,,,,,,,,,,,,,,,,,,,,,,,,,,,,,,,,PG,.00,.01,.00,.00,.00,.00,.00,.00,.04,.00,.05,15%,,,,,,,,,,,,,,,,,,,,,,,,,,,,,,,,,,,,,,,,,,,,,,,,,,,,,,,,,,
0.16,PA sec,,,,,,,,,,,,,,,,,,,,,,,,,,,,,,,,,,,,,,,,,,,,,,,,,,,,,,,,SG,.00,.01,.00,.00,.00,.00,.00,.00,.05,.00,.06,17%,,,,,,,,,,,,,,,,,,,,,,,,,,,,,,,,,,,,,,,,,,,,,,,,,,,,,,,,,,
0.1,sec emph,,,,,,,,,,,,,,,,,,,,,,,,,,,,,,,,,,,,,,,,,,,,,,,,,,,,,,,,SF,.00,.01,.00,.00,.00,.00,.00,.00,.05,.00,.07,19%,,,,,,,,,,,,,,,,,,,,,,,,,,,,,,,,,,,,,,,,,,,,,,,,,,,,,,,,,,
0.05,sec  ,,,,,,,,,,,,,,,,,,,,,,,,,,,,,,,,,,,,,,,,,,,,,,,,,,,,,,,,PF,.00,.01,.00,.00,.00,.00,.00,.00,.06,.00,.08,22%,,,,,,,,,,,,,,,,,,,,,,,,,,,,,,,,,,,,,,,,,,,,,,,,,,,,,,,,,,
,,,,,,,,,,,,,,,,,,,,,,,,,,,,,,,,,,,,,,,,,,,,,,,,,,,,,,,,,C,.00,.01,.00,.00,.00,.00,.00,.00,.08,.00,.09,26%,,,,,,,,,,,,,,,,,,,,,,,,,,,,,,,,,,,,,,,,,,,,,,,,,,,,,,,,,,
,0.7,0.65,0.7,0.308,0.7,0.525,0.525,0.175,0.7,0.525,0.28,1,0.75,0.4,1.3,1.3,0.572,0.92,0.69,0.23,0.65,0.4875,0.26,0.65,0.4875,0.26,0.6,0.264,0.8,0.6,0.32,,,,,,,,,,,,,,,,,,,,,,,,,,abs,.01,.03,.00,.00,.00,.01,.02,.00,.28,.00,.35,,,,,,,,,,,,,,,,,,,,,,,,,,,,,,,,,,,,,,,,,,,,,,,,,,,,,,,,,,,
,1,2,3,4,5,6,7,8,9,10,11,12,13,14,15,16,17,18,19,20,21,22,23,24,25,26,27,28,29,30,31,32,33,,,,,,,,,,,,,,,,,,,,,,,,rel,2%,8%,%,%,%,4%,5%,1%,80%,%,,,,,,,,,,,,,,,,,,,,,,,,,,,,,,,,,,,,,,,,,,,,,,,,,,,,,,,,,,,,
,JS for 12,JS for 34,JS for 23,JS for team,JR for 2,JR for 12,JR for 23,JR for team,OD for 1,OD for 12,OD for 123,HA for 1,HA for 12,HA for 123,DR for 12,DR for 34,DR for team,PA for 1,PA for 12,PA for team,IS for 5,IS for 45,IS for 345,ID for 5,ID for 45,ID for 345,RB for 45,RB for team,SB for 5,SB for 45,SB for 345,ST,FT,,,,,,,,,,,,,,,,,,,,,,,,,,,,,,,,,,,,,,,,,,,,,,,,,,,,,,,,,,,,,,,,,,,,,,,,,,,,,,,,,,,,,,,,,,,,,,
,JS,JS,JS,JS,JR,JR,JR,JR,OD,OD,OD,HA,HA,HA,DR,DR,DR,PA,PA,PA,IS,IS,IS,"ID","ID","ID",RB,RB,SB,SB,SB,,,,,,,Height,0.00,-0.05,-0.05,-0.05,0.00,0.00,0.05,0.050,0.050,0.050,,,,,,,,,,,,,,,,,,,,,,,,,,,,,,,,,,,,,,,,,,,,,,,,,,,,,,,,,,,,,,,,,,,,,,,,,,,,,,,
,1,1,1,1,2,2,2,2,3,3,3,4,4,4,5,5,5,6,6,6,7,7,7,8,8,8,9,9,10,10,10,,,,,7.12,,,,,,,,,,,,,,,,,,,,,,,,,,,,,,,,,,,,,,,,,,,,,,,,,,,,,,,,,,,,,,,,,,,,,,,,,,,,,,,,,,,,,,,,,,,
,12,34,23,team,2,12,23,team,1,12,123,1,12,123,12,34,team,1,12,team,5,45,345,5,45,345,45,team,5,45,345,,,,Age,,,,JS,JR,OD,HA,DR,PA,IS,"ID",RB,SB,,Coach,,,,,,,,,,,,,,,,,,,,,,,,,,,,,,,,,,,,,,,,,,,,,,,,,,,,,,,,,,,,,,,,,,,,,,,,,,,,,
JS,2,2.5,2,4.545454545,5,6.666666667,6.666666667,20,,,,,,,2.5,5,11.36363636,,,,10,13.33333333,25,,,,,,,,,1.5,2,14%,18,1.00,5'9“,175,0.997527377,1.50,1.50,1.50,0.997527377,0.997527377,0.50,0.50,0.50,0.50,,level,,,,,,,,,,,,,,,,,,,,,,,,,,,,,,,,,,,,,,,,,,,,,,,,,,,,,,,,,,,,,,,,,,,,,,,,,,,,,
JR,10,20,10,22.72727273,2.5,3.333333333,3.333333333,10,,,,,,,,,,,,,,,,,,,,,,,,,,13%,19,0.95,5'10“,178,0.997527377,1.45,1.45,1.45,0.997527377,0.997527377,0.55,0.55,0.55,0.55,,7,1.06,,,,,,,,,,,,,,,,,,,,,,,,,,,,,,,,,,,,,,,,,,,,,,,,,,,,,,,,,,,,,,,,,,,,,,,,,,,,
OD,,,,,,,,,2,2.666666667,5,10,13.33333333,25,,,,,,,,,,,,,,,,,,,,12%,20,0.88,5'11“,180,0.997527377,1.40,1.40,1.40,0.997527377,0.997527377,0.60,0.60,0.60,0.60,,6,1.03,,,,,,,,,,,,,,,,,,,,,,,,,,,,,,,,,,,,,,,,,,,,,,,,,,,,,,,,,,,,,,,,,,,,,,,,,,,,
HA,20,,20,45.45454545,20,26.66666667,26.66666667,80,20,26.66666667,50,2,2.666666667,5,2.5,2.5,5.681818182,6.25,8.333333333,25,,,,,,,,,,,,,,11%,21,0.78,6'0“,183,0.997527377,1.35,1.35,1.35,0.997527377,0.997527377,0.65,0.65,0.65,0.65,,5,1,,,,,,,,,,,,,,,,,,,,,,,,,,,,,,,,,,,,,,,,,,,,,,,,,,,,,,,,,,,,,,,,,,,,,,,,,,,,
DR,20,,20,45.45454545,20,26.66666667,26.66666667,80,20,26.66666667,50,2.5,3.333333333,6.25,2,2,4.545454545,6.25,8.333333333,25,,,,,,,,,,,,,,10%,22,0.70,6'1“,185,0.997527377,1.30,1.30,1.30,0.997527377,0.997527377,0.70,0.70,0.70,0.70,,4,0.97,,,,,,,,,,,,,,,,,,,,,,,,,,,,,,,,,,,,,,,,,,,,,,,,,,,,,,,,,,,,,,,,,,,,,,,,,,,,
PA,,,,,,,,,,,,,,,,,,1.666666667,2.222222222,6.666666667,,,,,,,,,,,,,,8%,23,0.60,6'2“,188,0.997527377,1.25,1.25,1.25,0.997527377,0.997527377,0.75,0.75,0.75,0.75,,3,0.94,,,,,,,,,,,,,,,,,,,,,,,,,,,,,,,,,,,,,,,,,,,,,,,,,,,,,,,,,,,,,,,,,,,,,,,,,,,,
IS,,5,,,,,,,,,,,,,,5,11.36363636,,,,2,2.666666667,5,20,26.66666667,50,20,45.45454545,,,,,,7%,24,0.51,6'3“,190,0.997527377,1.20,1.20,1.20,0.997527377,0.997527377,0.80,0.80,0.80,0.80,,2,0.91,,,,,,,,,,,,,,,,,,,,,,,,,,,,,,,,,,,,,,,,,,,,,,,,,,,,,,,,,,,,,,,,,,,,,,,,,,,,
"ID",,,,,,,,,10,13.33333333,25,,,,,,,,,,20,26.66666667,50,2,2.666666667,5,20,45.45454545,5,6.666666667,12.5,,,6%,25,0.42,6'4“,193,0.997527377,1.15,1.15,1.15,0.997527377,0.997527377,0.85,0.85,0.85,0.85,,1,0.88,,,,,,,,,,,,,,,,,,,,,,,,,,,,,,,,,,,,,,,,,,,,,,,,,,,,,,,,,,,,,,,,,,,,,,,,,,,,
RB,,,,,,,,,,,,,,,,,,,,,,,,,,,2,4.545454545,10,13.33333333,25,,,5%,26,0.35,6'5“,196,0.997527377,1.10,1.10,1.10,0.997527377,0.997527377,0.90,0.90,0.90,0.90,,,,,,,,,,,,,,,,,,,,,,,,,,,,,,,,,,,,,,,,,,,,,,,,,,,,,,,,,,,,,,,,,,,,,,,,,,,,,,,
SB,,,,,,,,,,,,,,,,,,,,,,,,10,13.33333333,25,,,2,2.666666667,5,,,4%,27,0.27,6'6“,198,0.997527377,1.05,1.05,1.05,0.997527377,0.997527377,0.95,0.95,0.95,0.95,,,,,,,,,,,,,,,,,,,,,,,,,,,,,,,,,,,,,,,,,,,,,,,,,,,,,,,,,,,,,,,,,,,,,,,,,,,,,,,
JS,0.5,0.4,0.5,0.22,0.2,0.15,0.15,0.05,0,0,0,0,0,0,0.4,0.2,0.088,0,0,0,0.1,0.075,0.04,0,0,0,0,0,0,0,0,0,0,3%,28,0.21,6'7“,201,0.997527377,1.00,1.00,1.00,0.997527377,0.997527377,1.00,1.00,1.00,1.00,,,,,,,,,,,,,,,,,,,,,,,,,,,,,,,,,,,,,,,,,,,,,,,,,,,,,,,,,,,,,,,,,,,,,,,,,,,,,,,
JR,0.1,0.05,0.1,0.044,0.4,0.3,0.3,0.1,0,0,0,0,0,0,0,0,0,0,0,0,0,0,0,0,0,0,0,0,0,0,0,0,0,2%,29,0.16,6'8“,203,0.997527377,0.95,0.95,0.95,0.997527377,0.997527377,1.05,1.05,1.05,1.05,,Elastic coeff,,,,,,,,,,,,,,,,,,,,,,,,,,,,,,,,,,,,,,,,,,,,,,,,,,,,,,,,,,,,,,,,,,,,,,,,,,,,,
OD,0,0,0,0,0,0,0,0,0.5,0.375,0.2,0.1,0.075,0.04,0,0,0,0,0,0,0,0,0,0,0,0,0,0,0,0,0,0,0,2%,30,0.11,6'9“,206,0.997527377,0.90,0.90,0.90,0.997527377,0.997527377,1.10,1.10,1.10,1.10,,,0.91,,,,,,,,,,,,,,,,,,,,,,,,,,,,,,,,,,,,,,,,,,,,,,,,,,,,,,,,,,,,,,,,,,,,,,,,,,,,
HA,0.05,0,0.05,0.022,0.05,0.0375,0.0375,0.0125,0.05,0.0375,0.02,0.5,0.375,0.2,0.4,0.4,0.176,0.16,0.12,0.04,0,0,0,0,0,0,0,0,0,0,0,0,0,1%,31,0.07,6'10“,208,0.997527377,0.85,0.85,0.85,0.997527377,0.997527377,1.15,1.15,1.15,1.15,,,,,,,,,,,,,,,,,,,,,,,,,,,,,,,,,,,,,,,,,,,,,,,,,,,,,,,,,,,,,,,,,,,,,,,,,,,,,,,
DR,0.05,0,0.05,0.022,0.05,0.0375,0.0375,0.0125,0.05,0.0375,0.02,0.4,0.3,0.16,0.5,0.5,0.22,0.16,0.12,0.04,0,0,0,0,0,0,0,0,0,0,0,0,0,1%,32,0.05,6'11“,211,0.997527377,0.80,0.80,0.80,0.997527377,0.997527377,1.20,1.20,1.20,1.20,,Xtrain coeff,,,,,,,,,,,,,,,,,,,,,,,,,,,,,,,,,,,,,,,,,,,,,,,,,,,,,,,,,,,,,,,,,,,,,,,,,,,,,
PA,0,0,0,0,0,0,0,0,0,0,0,0,0,0,0,0,0,0.6,0.45,0.15,0,0,0,0,0,0,0,0,0,0,0,0,0,0%,33,0.03,7'0“,213,0.997527377,0.75,0.75,0.75,0.997527377,0.997527377,1.25,1.25,1.25,1.25,,,0.925,,,,,,,,,,,,,,,,,,,,,,,,,,,,,,,,,,,,,,,,,,,,,,,,,,,,,,,,,,,,,,,,,,,,,,,,,,,,
IS,0,0.2,0,0,0,0,0,0,0,0,0,0,0,0,0,0.2,0.088,0,0,0,0.5,0.375,0.2,0.05,0.0375,0.02,0.05,0.022,0,0,0,0,0,0%,34,0.02,7'1“,216,0.997527377,0.70,0.70,0.70,0.997527377,0.997527377,1.30,1.30,1.30,1.30,,,,,,,,,,,,,,,,,,,,,,,,,,,,,,,,,,,,,,,,,,,,,,,,,,,,,,,,,,,,,,,,,,,,,,,,,,,,,,,
"ID",0,0,0,0,0,0,0,0,0.1,0.075,0.04,0,0,0,0,0,0,0,0,0,0.05,0.0375,0.02,0.5,0.375,0.2,0.05,0.022,0.2,0.15,0.08,0,0,0%,35,0.01,7'2“,218,0.997527377,0.65,0.65,0.65,0.997527377,0.997527377,1.35,1.35,1.35,1.35,,Cap coeff,,,,,,,,,,,,,,,,,,,,,,,,,,,,,,,,,,,,,,,,,,,,,,,,,,,,,,,,,,,,,,,,,,,,,,,,,,,,,
RB,0,0,0,0,0,0,0,0,0,0,0,0,0,0,0,0,0,0,0,0,0,0,0,0,0,0,0.5,0.22,0.1,0.075,0.04,0,0,0%,36,0,7'3“,221,0.997527377,0.60,0.60,0.60,0.997527377,0.997527377,1.40,1.40,1.40,1.40,,,0.333333333,,,,,,,,,,,,,,,,,,,,,,,,,,,,,,,,,,,,,,,,,,,,,,,,,,,,,,,,,,,,,,,,,,,,,,,,,,,,
SB,0,0,0,0,0,0,0,0,0,0,0,0,0,0,0,0,0,0,0,0,0,0,0,0.1,0.075,0.04,0,0,0.5,0.375,0.2,0,0,,,,7'4“,224,0.997527377,0.55,0.55,0.55,0.997527377,0.997527377,1.45,1.45,1.45,1.45,,,,,,,,,,,,,,,,,,,,,,,,,,,,,,,,,,,,,,,,,,,,,,,,,,,,,,,,,,,,,,,,,,,,,,,,,,,,,,,
JS,1,1,1,1,1,1,1,1,0,0,0,0,0,0,1,1,1,0,0,0,1,1,1,0,0,0,0,0,0,0,0,0,0,,,,7'5“,226,0.997527377,0.50,0.50,0.50,0.997527377,0.997527377,1.50,1.50,1.50,1.50,,,,,,,,,,,,,,,,,,,,,,,,,,,,,,,,,,,,,,,,,,,,,,,,,,,,,,,,,,,,,,,,,,,,,,,,,,,,,,,
JR,1,1,1,1,1,1,1,1,0,0,0,0,0,0,0,0,0,0,0,0,0,0,0,0,0,0,0,0,0,0,0,0,0,,,,7'6“,229,0.997527377,0.45,0.45,0.45,0.997527377,0.997527377,1.55,1.55,1.55,1.55,,,,,,,,,,,,,,,,,,,,,,,,,,,,,,,,,,,,,,,,,,,,,,,,,,,,,,,,,,,,,,,,,,,,,,,,,,,,,,,
OD,0,0,0,0,0,0,0,0,1,1,1,1,1,1,0,0,0,0,0,0,0,0,0,0,0,0,0,0,0,0,0,0,0,,,,,,,,,,,,,,,,,,,,,,,,,,,,,,,,,,,,,,,,,,,,,,,,,,,,,,,,,,,,,,,,,,,,,,,,,,,,,,,,,,,,,,,,,,,,,,
HA,1,0,1,1,1,1,1,1,1,1,1,1,1,1,1,1,1,1,1,1,0,0,0,0,0,0,0,0,0,0,0,0,0,,,,,,,,,,,,,,,,,,,,,,,,,,,,,,,,,,,,,,,,,,,,,,,,,,,,,,,,,,,,,,,,,,,,,,,,,,,,,,,,,,,,,,,,,,,,,,
DR,1,0,1,1,1,1,1,1,1,1,1,1,1,1,1,1,1,1,1,1,0,0,0,0,0,0,0,0,0,0,0,0,0,,,,,,,,,,,,,,,,,,,,,,,,,,,,,,,,,,,,,,,,,,,,,,,,,,,,,,,,,,,,,,,,,,,,,,,,,,,,,,,,,,,,,,,,,,,,,,
PA,0,0,0,0,0,0,0,0,0,0,0,0,0,0,0,0,0,1,1,1,0,0,0,0,0,0,0,0,0,0,0,0,0,,,,,,,,,,,,,,,,,,,,,,,,,,,,,,,,,,,,,,,,,,,,,,,,,,,,,,,,,,,,,,,,,,,,,,,,,,,,,,,,,,,,,,,,,,,,,,
IS,0,1,0,0,0,0,0,0,0,0,0,0,0,0,0,1,1,0,0,0,1,1,1,1,1,1,1,1,0,0,0,0,0,,,,,,,,,,,,,,,,,,,,,,,,,,,,,,,,,,,,,,,,,,,,,,,,,,,,,,,,,,,,,,,,,,,,,,,,,,,,,,,,,,,,,,,,,,,,,,
"ID",0,0,0,0,0,0,0,0,1,1,1,0,0,0,0,0,0,0,0,0,1,1,1,1,1,1,1,1,1,1,1,0,0,,,,,,,,,,,,,,,,,,,,,,,,,,,,,,,,,,,,,,,,,,,,,,,,,,,,,,,,,,,,,,,,,,,,,,,,,,,,,,,,,,,,,,,,,,,,,,
RB,0,0,0,0,0,0,0,0,0,0,0,0,0,0,0,0,0,0,0,0,0,0,0,0,0,0,1,1,1,1,1,0,0,,,,,,,,,,,,,,,,,,,,,,,,,,,,,,,,,,,,,,,,,,,,,,,,,,,,,,,,,,,,,,,,,,,,,,,,,,,,,,,,,,,,,,,,,,,,,,
SB,0,0,0,0,0,0,0,0,0,0,0,0,0,0,0,0,0,0,0,0,0,0,0,1,1,1,0,0,1,1,1,0,0,,,,,,,,,,,,,,,,,,,,,,,,,,,,,,,,,,,,,,,,,,,,,,,,,,,,,,,,,,,,,,,,,,,,,,,,,,,,,,,,,,,,,,,,,,,,,,
,4,3,4,4,4,4,4,4,4,4,4,3,3,3,3,4,4,3,3,3,3,3,3,3,3,3,3,3,3,3,3,1,1,,,,,,,,,,,,,,,,,,,,,,,,,,,,,,,,,,,,,,,,,,,,,,,,,,,,,,,,,,,,,,,,,,,,,,,,,,,,,,,,,,,,,,,,,,,,,,
,JS,JR,OD,HA,DR,PA,IS,"ID",RB,SB,,,,,,,,,,,,,,,,,,,,,,0.666666667,0.5,,,,,,,,,,,,,,,,,,,,,,,,,,,,,,,,,,,,,,,,,,,,,,,,,,,,,,,,,,,,,,,,,,,,,,,,,,,,,,,,,,,,,,,,,,,,,,
JS,,1,,,1,,1,,,,3,,,,,,,,,,,,,,,,,,,,,,,,,,,,,,,,,,,,,,,,,,,,,,,,,,,,,,,,,,,,,,,,,,,,,,,,,,,,,,,,,,,,,,,,,,,,,,,,,,,,,,,,,,,,,,,,,,,,
JR,1,,,,,,,,,,1,,,,,,,,,,,,,,,,,,,,,,,,,,,,,,,,,,,,,,,,,,,,,,,,,,,,,,,,,,,,,,,,,,,,,,,,,,,,,,,,,,,,,,,,,,,,,,,,,,,,,,,,,,,,,,,,,,,,
OD,,,,1,,,,,,,1,,,,,,,,,,,,,,,,,,,,,,,,,,,,,,,,,,,,,,,,,,,,,,,,,,,,,,,,,,,,,,,,,,,,,,,,,,,,,,,,,,,,,,,,,,,,,,,,,,,,,,,,,,,,,,,,,,,,
HA,1,1,1,,1,1,,,,,5,,,,,,,,,,,,,,,,,,,,,,,,,,,,,,,,,,,,,,,,,,,,,,,,,,,,,,,,,,,,,,,,,,,,,,,,,,,,,,,,,,,,,,,,,,,,,,,,,,,,,,,,,,,,,,,,,,,,
DR,1,1,1,1,,1,,,,,5,,,,,,,,,,,,,,,,,,,,,,,,,,,,,,,,,,,,,,,,,,,,,,,,,,,,,,,,,,,,,,,,,,,,,,,,,,,,,,,,,,,,,,,,,,,,,,,,,,,,,,,,,,,,,,,,,,,,
PA,,,,,,,,,,,0,,,,,,,,,,,,,,,,,,,,,,,,,,,,,,,,,,,,,,,,,,,,,,,,,,,,,,,,,,,,,,,,,,,,,,,,,,,,,,,,,,,,,,,,,,,,,,,,,,,,,,,,,,,,,,,,,,,,
IS,,,,,,,,1,1,,2,,,,,,,,,,,,,,,,,,,,,,,,,,,,,,,,,,,,,,,,,,,,,,,,,,,,,,,,,,,,,,,,,,,,,,,,,,,,,,,,,,,,,,,,,,,,,,,,,,,,,,,,,,,,,,,,,,,,
"ID",,,1,,,,1,,1,1,4,,,,,,,,,,,,,,,,,,,,,,,,,,,,,,,,,,,,,,,,,,,,,,,,,,,,,,,,,,,,,,,,,,,,,,,,,,,,,,,,,,,,,,,,,,,,,,,,,,,,,,,,,,,,,,,,,,,,
RB,,,,,,,,,,1,1,,,,,,,,,,,,,,,,,,,,,,,,,,,,,,,,,,,,,,,,,,,,,,,,,,,,,,,,,,,,,,,,,,,,,,,,,,,,,,,,,,,,,,,,,,,,,,,,,,,,,,,,,,,,,,,,,,,,
SB,,,,,,,,1,,,1,,,,,,,,,,,,,,,,,,,,,,,,,,,,,,,,,,,,,,,,,,,,,,,,,,,,,,,,,,,,,,,,,,,,,,,,,,,,,,,,,,,,,,,,,,,,,,,,,,,,,,,,,,,,,,,,,,,,
,3,3,3,2,2,2,2,2,2,2,,,,,,,,,,,,,,,,,,,,,,,,,,,,,,,,,,,,,,,,,,,,,,,,,,,,,,,,,,,,,,,,,,,,,,,,,,,,,,,,,,,,,,,,,,,,,,,,,,,,,,,,,,,,,,,,,,,,,