player,skill,from,to,date,training,author,source_image,source
Manuel Abas,js,2,3,2024-12-06,One on One for PG / SG,delonche,Screenshot_20250612_184016_Chrome-ca49be037b6d4cc1.jpg,history
Valjhun Umek,dr,8,9,2024-12-06,One on One for PG / SG,delonche,Screenshot_20250612_184016_Chrome-ca49be037b6d4cc1.jpg,history
Valjhun Umek,ha,7,8,2024-12-06,One on One for PG / SG,delonche,Screenshot_20250612_184016_Chrome-ca49be037b6d4cc1.jpg,history
Valjhun Umek,js,5,6,2024-12-06,One on One for PG / SG,delonche,Screenshot_20250612_184016_Chrome-ca49be037b6d4cc1.jpg,history
Stane Brodnik,dr,5,6,2024-12-13,One on One for PG / SG,delonche,Screenshot_20250612_184016_Chrome-ca49be037b6d4cc1.jpg,history
Stane Brodnik,js,4,5,2024-12-13,One on One for PG / SG,delonche,Screenshot_20250612_184016_Chrome-ca49be037b6d4cc1.jpg,history
Nien Hông,experience,2,3,2024-12-20,One on One for PG / SG,delonche,Screenshot_20250612_184016_Chrome-ca49be037b6d4cc1.jpg,history
Stane Brodnik,ha,7,8,2024-12-20,One on One for PG / SG,delonche,Screenshot_20250612_184016_Chrome-ca49be037b6d4cc1.jpg,history
Juraj Orolík,ha,4,5,2024-12-27,One on One for PG / SG,delonche,Screenshot_20250612_184016_Chrome-ca49be037b6d4cc1.jpg,history
Juraj Orolík,js,5,6,2024-12-27,One on One for PG / SG,delonche,Screenshot_20250612_184016_Chrome-ca49be037b6d4cc1.jpg,history
Stane Brodnik,dr,6,7,2024-12-27,One on One for PG / SG,delonche,Screenshot_20250612_184016_Chrome-ca49be037b6d4cc1.jpg,history
Tadej Vindiš,dr,5,6,2024-12-27,One on One for PG / SG,delonche,Screenshot_20250612_184016_Chrome-ca49be037b6d4cc1.jpg,history
Valjhun Umek,js,6,7,2024-12-27,One on One for PG / SG,delonche,Screenshot_20250612_184016_Chrome-ca49be037b6d4cc1.jpg,history
Gabriel Baía,id,3,4,2025-01-03,One on One for PG / SG,delonche,Screenshot_20250612_184016_Chrome-ca49be037b6d4cc1.jpg,history
Gabriel Baía,js,7,8,2025-01-03,One on One for PG / SG,delonche,Screenshot_20250612_184016_Chrome-ca49be037b6d4cc1.jpg,history
Juraj Orolík,dr,5,6,2025-01-03,One on One for PG / SG,delonche,Screenshot_20250612_184016_Chrome-ca49be037b6d4cc1.jpg,history
Stane Brodnik,js,5,6,2025-01-03,One on One for PG / SG,delonche,Screenshot_20250612_184016_Chrome-ca49be037b6d4cc1.jpg,history
Tadej Vindiš,ha,7,8,2025-01-03,One on One for PG / SG,delonche,Screenshot_20250612_184016_Chrome-ca49be037b6d4cc1.jpg,history
Valjhun Umek,dr,9,10,2025-01-03,One on One for PG / SG,delonche,Screenshot_20250612_184016_Chrome-ca49be037b6d4cc1.jpg,history
Valjhun Umek,ha,8,9,2025-01-03,One on One for PG / SG,delonche,Screenshot_20250612_184016_Chrome-ca49be037b6d4cc1.jpg,history
Fuad Khayyat,rb,1,2,2025-01-10,Game Shape for Team Training,delonche,Screenshot_20250612_184016_Chrome-ca49be037b6d4cc1.jpg,history
Manuel Abas,pa,5,6,2025-01-10,Game Shape for Team Training,delonche,Screenshot_20250612_184016_Chrome-ca49be037b6d4cc1.jpg,history
Valjhun Umek,jr,4,5,2025-01-10,Game Shape for Team Training,delonche,Screenshot_20250612_184016_Chrome-ca49be037b6d4cc1.jpg,history
Stane Brodnik,experience,4,5,2025-01-17,Inside Defense for C,delonche,Screenshot_20250612_184016_Chrome-ca49be037b6d4cc1.jpg,history
Valjhun Umek,id,14,15,2025-01-17,Inside Defense for C,delonche,Screenshot_20250612_184016_Chrome-ca49be037b6d4cc1.jpg,history
Stane Brodnik,id,17,18,2025-01-24,Inside Defense for C,delonche,Screenshot_20250612_184016_Chrome-ca49be037b6d4cc1.jpg,history
Valjhun Umek,experience,2,3,2025-01-24,Inside Defense for C,delonche,Screenshot_20250612_184016_Chrome-ca49be037b6d4cc1.jpg,history
Gabriel Baía,experience,1,2,2025-01-31,Inside Defense for C,delonche,Screenshot_20250612_184016_Chrome-ca49be037b6d4cc1.jpg,history
Valjhun Umek,id,15,16,2025-01-31,Inside Defense for C,delonche,Screenshot_20250612_184016_Chrome-ca49be037b6d4cc1.jpg,history
Stane Brodnik,id,18,19,2025-02-14,Rebounding for C / PF,delonche,Screenshot_20250612_184016_Chrome-ca49be037b6d4cc1.jpg,history
Stane Brodnik,rb,14,15,2025-02-14,Rebounding for C / PF,delonche,Screenshot_20250612_184016_Chrome-ca49be037b6d4cc1.jpg,history
Fuad Khayyat,experience,3,4,2025-02-21,Rebounding for C / PF,delonche,Screenshot_20250612_184016_Chrome-ca49be037b6d4cc1.jpg,history
Juraj Orolík,id,9,10,2025-02-21,Rebounding for C / PF,delonche,Screenshot_20250612_184016_Chrome-ca49be037b6d4cc1.jpg,history
Juraj Orolík,jr,5,6,2025-02-21,Rebounding for C / PF,delonche,Screenshot_20250612_184016_Chrome-ca49be037b6d4cc1.jpg,history
Valjhun Umek,rb,11,12,2025-02-21,Rebounding for C / PF,delonche,Screenshot_20250612_184016_Chrome-ca49be037b6d4cc1.jpg,history
Juraj Orolík,rb,10,11,2025-02-28,Rebounding for C / PF,delonche,Screenshot_20250612_184016_Chrome-ca49be037b6d4cc1.jpg,history
Stane Brodnik,rb,15,16,2025-02-28,Rebounding for C / PF,delonche,Screenshot_20250612_184016_Chrome-ca49be037b6d4cc1.jpg,history
Tadej Vindiš,id,16,17,2025-02-28,Rebounding for C / PF,delonche,Screenshot_20250612_184016_Chrome-ca49be037b6d4cc1.jpg,history
Tadej Vindiš,rb,13,14,2025-02-28,Rebounding for C / PF,delonche,Screenshot_20250612_184016_Chrome-ca49be037b6d4cc1.jpg,history
Valjhun Umek,rb,12,13,2025-03-07,Rebounding for C / PF,delonche,Screenshot_20250612_184016_Chrome-ca49be037b6d4cc1.jpg,history
Juraj Orolík,rb,11,12,2025-03-14,Rebounding for C / PF,delonche,Screenshot_20250612_184036_Chrome-a4a046e8546e4333.jpg,history
Stane Brodnik,rb,16,17,2025-03-14,Rebounding for C / PF,delonche,Screenshot_20250612_184036_Chrome-a4a046e8546e4333.jpg,history
Valjhun Umek,is,5,6,2025-03-14,Rebounding for C / PF,delonche,Screenshot_20250612_184036_Chrome-a4a046e8546e4333.jpg,history
Valjhun Umek,rb,13,14,2025-03-14,Rebounding for C / PF,delonche,Screenshot_20250612_184036_Chrome-a4a046e8546e4333.jpg,history
Juraj Orolík,is,3,4,2025-03-21,Jump Shot for PG / SG,delonche,Screenshot_20250612_184036_Chrome-a4a046e8546e4333.jpg,history
Juraj Orolík,js,6,7,2025-03-28,Jump Shot for PG / SG,delonche,Screenshot_20250612_184036_Chrome-a4a046e8546e4333.jpg,history
Valjhun Umek,js,7,8,2025-03-28,Jump Shot for PG / SG,delonche,Screenshot_20250612_184036_Chrome-a4a046e8546e4333.jpg,history
Valjhun Umek,pa,3,4,2025-03-28,Jump Shot for PG / SG,delonche,Screenshot_20250612_184036_Chrome-a4a046e8546e4333.jpg,history
Juraj Orolík,dr,6,7,2025-04-04,One on One for PG / SG,delonche,Screenshot_20250612_184036_Chrome-a4a046e8546e4333.jpg,history
Kamatchinathan Bhushan,dr,5,6,2025-04-04,One on One for PG / SG,delonche,Screenshot_20250612_184036_Chrome-a4a046e8546e4333.jpg,history
Miha Šušterič,ha,7,8,2025-04-04,One on One for PG / SG,delonche,Screenshot_20250612_184036_Chrome-a4a046e8546e4333.jpg,history
Valjhun Umek,od,4,5,2025-04-04,One on One for PG / SG,delonche,Screenshot_20250612_184036_Chrome-a4a046e8546e4333.jpg,history
Juraj Orolík,ha,5,6,2025-04-11,One on One for PG / SG,delonche,Screenshot_20250612_184036_Chrome-a4a046e8546e4333.jpg,history
Miha Šušterič,dr,10,11,2025-04-11,One on One for PG / SG,delonche,Screenshot_20250612_184036_Chrome-a4a046e8546e4333.jpg,history
Miha Šušterič,js,9,10,2025-04-11,One on One for PG / SG,delonche,Screenshot_20250612_184036_Chrome-a4a046e8546e4333.jpg,history
Mubarak Manaf,dr,8,9,2025-04-11,One on One for PG / SG,delonche,Screenshot_20250612_184036_Chrome-a4a046e8546e4333.jpg,history
Mubarak Manaf,experience,1,2,2025-04-11,One on One for PG / SG,delonche,Screenshot_20250612_184036_Chrome-a4a046e8546e4333.jpg,history
Mubarak Manaf,js,7,8,2025-04-11,One on One for PG / SG,delonche,Screenshot_20250612_184036_Chrome-a4a046e8546e4333.jpg,history
Valjhun Umek,dr,10,11,2025-04-11,One on One for PG / SG,delonche,Screenshot_20250612_184036_Chrome-a4a046e8546e4333.jpg,history
Valjhun Umek,ha,9,10,2025-04-11,One on One for PG / SG,delonche,Screenshot_20250612_184036_Chrome-a4a046e8546e4333.jpg,history
Valjhun Umek,js,8,9,2025-04-11,One on One for PG / SG,delonche,Screenshot_20250612_184036_Chrome-a4a046e8546e4333.jpg,history
Gaitán Lizana Lezana,ha,4,5,2025-04-18,One on One for PG / SG,delonche,Screenshot_20250612_184036_Chrome-a4a046e8546e4333.jpg,history
Gaitán Lizana Lezana,js,4,5,2025-04-18,One on One for PG / SG,delonche,Screenshot_20250612_184036_Chrome-a4a046e8546e4333.jpg,history
Juraj Orolík,js,7,8,2025-04-18,One on One for PG / SG,delonche,Screenshot_20250612_184036_Chrome-a4a046e8546e4333.jpg,history
Pablo Alpízar,pa,5,6,2025-04-18,One on One for PG / SG,delonche,Screenshot_20250612_184036_Chrome-a4a046e8546e4333.jpg,history
Gaitán Lizana Lezana,dr,5,6,2025-04-25,One on One for PG / SG,delonche,Screenshot_20250612_184036_Chrome-a4a046e8546e4333.jpg,history
Juraj Orolík,dr,7,8,2025-04-25,One on One for PG / SG,delonche,Screenshot_20250612_184036_Chrome-a4a046e8546e4333.jpg,history
Miha Šušterič,dr,11,12,2025-04-25,One on One for PG / SG,delonche,Screenshot_20250612_184036_Chrome-a4a046e8546e4333.jpg,history
Miha Šušterič,ha,8,9,2025-04-25,One on One for PG / SG,delonche,Screenshot_20250612_184036_Chrome-a4a046e8546e4333.jpg,history
Miha Šušterič,js,10,11,2025-04-25,One on One for PG / SG,delonche,Screenshot_20250612_184036_Chrome-a4a046e8546e4333.jpg,history
Bert Heyngenstaedt,dr,5,6,2025-05-02,One on One for PG / SG,delonche,Screenshot_20250612_184036_Chrome-a4a046e8546e4333.jpg,history
Bert Heyngenstaedt,ha,1,2,2025-05-02,One on One for PG / SG,delonche,Screenshot_20250612_184036_Chrome-a4a046e8546e4333.jpg,history
Bert Heyngenstaedt,js,6,7,2025-05-02,One on One for PG / SG,delonche,Screenshot_20250612_184036_Chrome-a4a046e8546e4333.jpg,history
Gabriel Baía,dr,5,6,2025-05-02,One on One for PG / SG,delonche,Screenshot_20250612_184036_Chrome-a4a046e8546e4333.jpg,history
Gabriel Baía,od,6,7,2025-05-02,One on One for PG / SG,delonche,Screenshot_20250612_184036_Chrome-a4a046e8546e4333.jpg,history
Juraj Orolík,ha,6,7,2025-05-02,One on One for PG / SG,delonche,Screenshot_20250612_184036_Chrome-a4a046e8546e4333.jpg,history
Valjhun Umek,dr,11,12,2025-05-02,One on One for PG / SG,delonche,Screenshot_20250612_184036_Chrome-a4a046e8546e4333.jpg,history
Valjhun Umek,ha,10,11,2025-05-02,One on One for PG / SG,delonche,Screenshot_20250612_184036_Chrome-a4a046e8546e4333.jpg,history
Gabriel Baía,ha,6,7,2025-05-09,One on One for PG / SG,delonche,Screenshot_20250612_184036_Chrome-a4a046e8546e4333.jpg,history
Gaitán Lizana Lezana,ha,5,6,2025-05-09,One on One for PG / SG,delonche,Screenshot_20250612_184036_Chrome-a4a046e8546e4333.jpg,history
Gaitán Lizana Lezana,js,5,6,2025-05-09,One on One for PG / SG,delonche,Screenshot_20250612_184036_Chrome-a4a046e8546e4333.jpg,history
Juraj Orolík,dr,8,9,2025-05-09,One on One for PG / SG,delonche,Screenshot_20250612_184036_Chrome-a4a046e8546e4333.jpg,history
Juraj Orolík,js,8,9,2025-05-09,One on One for PG / SG,delonche,Screenshot_20250612_184036_Chrome-a4a046e8546e4333.jpg,history
Miha Šušterič,ha,9,10,2025-05-09,One on One for PG / SG,delonche,Screenshot_20250612_184036_Chrome-a4a046e8546e4333.jpg,history
Valjhun Umek,js,9,10,2025-05-09,One on One for PG / SG,delonche,Screenshot_20250612_184036_Chrome-a4a046e8546e4333.jpg,history
Gaitán Lizana Lezana,dr,6,7,2025-05-16,One on One for PG / SG,delonche,Screenshot_20250612_184036_Chrome-a4a046e8546e4333.jpg,history
Miha Šušterič,dr,12,13,2025-05-16,One on One for PG / SG,delonche,Screenshot_20250612_184036_Chrome-a4a046e8546e4333.jpg,history
Miha Šušterič,js,11,12,2025-05-16,One on One for PG / SG,delonche,Screenshot_20250612_184036_Chrome-a4a046e8546e4333.jpg,history
Juraj Orolík,ha,10,11,2025-05-23,One on One for PG / SG,delonche,Screenshot_20250612_184054_Chrome-ade828506a8f60c7.jpg,history
Miha Šušterič,ha,10,11,2025-05-23,One on One for PG / SG,delonche,Screenshot_20250612_184054_Chrome-ade828506a8f60c7.jpg,history
Valjhun Umek,dr,12,13,2025-05-23,One on One for PG / SG,delonche,Screenshot_20250612_184054_Chrome-ade828506a8f60c7.jpg,history
Miha Šušterič,id,8,9,2025-05-30,Inside Defense for C,delonche,Screenshot_20250612_184054_Chrome-ade828506a8f60c7.jpg,history
Valjhun Umek,ha,11,12,2025-05-30,Inside Defense for C,delonche,Screenshot_20250612_184054_Chrome-ade828506a8f60c7.jpg,history
Valjhun Umek,id,16,17,2025-05-30,Inside Defense for C,delonche,Screenshot_20250612_184054_Chrome-ade828506a8f60c7.jpg,history
Juraj Orolík,id,10,11,2025-06-06,Inside Defense for C,delonche,Screenshot_20250612_184054_Chrome-ade828506a8f60c7.jpg,history
Juraj Orolík,sb,8,9,2025-06-06,Inside Defense for C,delonche,Screenshot_20250612_184054_Chrome-ade828506a8f60c7.jpg,history
Valjhun Umek,jr,5,6,2025-06-06,Inside Defense for C,delonche,Screenshot_20250612_184054_Chrome-ade828506a8f60c7.jpg,history
Valjhun Umek,sb,14,15,2025-06-06,Inside Defense for C,delonche,Screenshot_20250612_184054_Chrome-ade828506a8f60c7.jpg,history
