message_id,timestamp_iso,author_name,author_nickname,week_no,raw_text,attachment_files,attachment_count
1286640850662854667,2024-09-20T12:51:23.429+02:00,pjtr576,pjtr576 [Postojna Blue Jackets],,,image-98f30d11f4483550.png,1
1286640861245079562,2024-09-20T12:51:25.952+02:00,pjtr576,pjtr576 [Postojna Blue Jackets],,,image-3134d5c58ae083cc.png,1
1286640914588110911,2024-09-20T12:51:38.67+02:00,pjtr576,pjtr576 [Postojna Blue Jackets],,Kupljena za 70k (Piršič) in 330k (Plesavec).,,0
1286641102488600586,2024-09-20T12:52:23.469+02:00,pjtr576,pjtr576 [Postojna Blue Jackets],1,"1. trening: 1 na 1 za K/KC, oba 48 min, trener: 5. stopnja, mladinski trener: /, fitnes: 3. stopnja, trening igrišče: /.",,0
1286641429770403863,2024-09-20T12:53:41.499+02:00,pjtr576,pjtr576 [Postojna Blue Jackets],,,image-73330e527c2269b7.png,1
1286641845358690377,2024-09-20T12:55:20.583+02:00,pjtr576,pjtr576 [Postojna Blue Jackets],,,image-944911cdc46ff5d3.png,1
1286643013950373888,2024-09-20T12:59:59.197+02:00,markokrizman.,markokrizman.,,,,0
1286643096133828658,2024-09-20T13:00:18.791+02:00,markokrizman.,markokrizman.,,Pa.jao no,,0
1286643113984524309,2024-09-20T13:00:23.047+02:00,markokrizman.,markokrizman.,,A to je wave,,0
1286643179738763274,2024-09-20T13:00:38.724+02:00,pjtr576,pjtr576 [Postojna Blue Jackets],,Haha 😄,,0
1286643935548280902,2024-09-20T13:03:38.923+02:00,markokrizman.,markokrizman.,,Evo moja dva mulca,,0
1286644023510962208,2024-09-20T13:03:59.895+02:00,markokrizman.,markokrizman.,,,Screenshot_20240920_130146_Chrome-b75369096e24b1a8.jpg,1
1286644036622614540,2024-09-20T13:04:03.021+02:00,markokrizman.,markokrizman.,,,Screenshot_20240920_130103_Chrome-7059d3645abfb23a.jpg,1
1286687195108999264,2024-09-20T15:55:32.806+02:00,pjtr576,pjtr576 [Postojna Blue Jackets],,,image-614e9e020cd070e0.png,1
1289153480048775249,2024-09-27T11:15:40.957+02:00,alenokc,AlenOKC,,"Pred prvim treningom. Koštomaj delno in predvsem Petre sta bila še del plana za defenzivne centre ampak ju bom zaenkrat v začetku dokler treniram 1 na 1 obdržal. Koštomaja sicer morda tudi kasneje, namesto enega z nižjim potencialom.",image-c1a9e8a5390eeee4.png,1
1289172575188025396,2024-09-27T12:31:33.593+02:00,pjtr576,pjtr576 [Postojna Blue Jackets],2,"2. trening: oviranje meta za C, vsi 48 min, trener: 5. stopnja, mladinski trener: 6., fitnes: 3. stopnja, trening igrišče: /.",,0
1289172792792842292,2024-09-27T12:32:25.474+02:00,pjtr576,pjtr576 [Postojna Blue Jackets],,,image-bd7d0f8a84bf267b.png,1
1289172857447780362,2024-09-27T12:32:40.889+02:00,pjtr576,pjtr576 [Postojna Blue Jackets],,,image-afb3b363d2d6404b.png,1
1289172922455293974,2024-09-27T12:32:56.388+02:00,pjtr576,pjtr576 [Postojna Blue Jackets],,,image-1825b4ed0112684d.png,1
1290025182685040641,2024-09-29T20:59:31.061+02:00,alenokc,AlenOKC,1,"1. trening: 1 na 1 za krila, vsi 48 min (razen Pokorn, brez trenininga), trener: 7. stopnja, mladinski trener: 7. stopnja, fitnes: 3. stopnja, trening igrišče: 3. stopnja.",image-0fec82af0e05030c.png,1
1291708471028350997,2024-10-04T12:28:18.276+02:00,pjtr576,pjtr576 [Postojna Blue Jackets],3,"3. trening: oviranje meta za C, vsi 48 min, trener: 5. stopnja, mladinski trener: 6., fitnes: 3. stopnja, trening igrišče: /.",,0
1291708607800545291,2024-10-04T12:28:50.885+02:00,pjtr576,pjtr576 [Postojna Blue Jackets],,,image-ba6b55ec5b729d89.png,1
1291708722229415990,2024-10-04T12:29:18.167+02:00,pjtr576,pjtr576 [Postojna Blue Jackets],,,image-369cc9b73e6fb7f5.png,1
1291708801489174539,2024-10-04T12:29:37.064+02:00,pjtr576,pjtr576 [Postojna Blue Jackets],,,image-106f92c1363cbc95.png,1
1292476661241086045,2024-10-06T15:20:49.095+02:00,alenokc,AlenOKC,2,"2. trening: 1 na 1 za krila, vsi 48 min, trener: 7. stopnja, mladinski trener: 7. stopnja, fitnes: 3. stopnja, trening igrišče: 3. stopnja.",image-dd553ac3a4ba073c.png,1
1294293244842086512,2024-10-11T15:39:16.376+02:00,pjtr576,pjtr576 [Postojna Blue Jackets],4,"4. trening: oviranje meta za C, vsi 48 min, trener: 5. stopnja, mladinski trener: 6., fitnes: 3. stopnja, trening igrišče: /.",,0
1294293502795976844,2024-10-11T15:40:17.877+02:00,pjtr576,pjtr576 [Postojna Blue Jackets],,,image-fdc13b09b609b6a1.png,1
1294293568479035514,2024-10-11T15:40:33.537+02:00,pjtr576,pjtr576 [Postojna Blue Jackets],,,image-61fdd11985225255.png,1
1294293619947339796,2024-10-11T15:40:45.808+02:00,pjtr576,pjtr576 [Postojna Blue Jackets],,,image-a85841822e2a4b2c.png,1
1294642751530602529,2024-10-12T14:48:05.264+02:00,alenokc,AlenOKC,3,"3. trening: 1 na 1 za krila, vsi 48 min, trener: 7. stopnja, mladinski trener: 7. stopnja, fitnes: 3. stopnja, trening igrišče: 3. stopnja.",image-a1a5db10d614fb36.png;image-2ecf4c9718a0d7d1.png,2
1296788274349867028,2024-10-18T12:53:37.766+02:00,pjtr576,pjtr576 [Postojna Blue Jackets],5,"5. trening: oviranje meta za C, vsi 48 min, trener: 5. stopnja, mladinski trener: 6., fitnes: 3. stopnja, trening igrišče: /.",,0
1296788379379433482,2024-10-18T12:54:02.807+02:00,pjtr576,pjtr576 [Postojna Blue Jackets],,,image-50fb177ae9b0d59f.png,1
1296788452536483871,2024-10-18T12:54:20.249+02:00,pjtr576,pjtr576 [Postojna Blue Jackets],,,image-ef9b7c311b1addff.png,1
1296788527991750717,2024-10-18T12:54:38.239+02:00,pjtr576,pjtr576 [Postojna Blue Jackets],,,image-a147679a37d96ae7.png,1
1297127443588583437,2024-10-19T11:21:22.014+02:00,alenokc,AlenOKC,4,"4. trening: 1 na 1 za krila, vsi 48 min, trener: 7. stopnja, mladinski trener: 7. stopnja, fitnes: 3. stopnja, trening igrišče: 3. stopnja.",image-363694c8901f7d19.png;image-20f475c98d75b8eb.png,2
1299327951661305919,2024-10-25T13:05:24.022+02:00,pjtr576,pjtr576 [Postojna Blue Jackets],6,"6. trening: oviranje meta za C, vsi 48 min, trener: 5. stopnja, mladinski trener: 6., fitnes: 3. stopnja, trening igrišče: /.",,0
1299328029524361260,2024-10-25T13:05:42.586+02:00,pjtr576,pjtr576 [Postojna Blue Jackets],,,image-27909bbc11c55c16.png,1
1299328095131664455,2024-10-25T13:05:58.228+02:00,pjtr576,pjtr576 [Postojna Blue Jackets],,,image-71f2aabaa858c3ad.png,1
1299328150521778207,2024-10-25T13:06:11.434+02:00,pjtr576,pjtr576 [Postojna Blue Jackets],,,image-7239769e49d98192.png,1
1300918955636162620,2024-10-29T21:27:28.929+01:00,alenokc,AlenOKC,5,"5. trening: 1 na 1 za krila, vsi 48 min, trener: 7. stopnja, mladinski trener: 7. stopnja, fitnes: 3. stopnja, trening igrišče: 3. stopnja.",image-8d29ec12aed6fc21.png,1
1301977899796004926,2024-11-01T19:35:20.891+01:00,pjtr576,pjtr576 [Postojna Blue Jackets],7,"7. trening: oviranje meta za C, Piršič in Ostrovršek 48 min, Plesavec 47 min, trener: 5. stopnja, mladinski trener: 6., fitnes: 3. stopnja, trening igrišče: /.",,0
1301978003471073341,2024-11-01T19:35:45.609+01:00,pjtr576,pjtr576 [Postojna Blue Jackets],,,image-7d9b867926a85ce4.png,1
1301978118889668608,2024-11-01T19:36:13.127+01:00,pjtr576,pjtr576 [Postojna Blue Jackets],,,image-410db70314c7a617.png,1
1301978199147675770,2024-11-01T19:36:32.262+01:00,pjtr576,pjtr576 [Postojna Blue Jackets],,,image-4c1ea4fef0252045.png,1
1304347576648073277,2024-11-08T08:31:35.879+01:00,alenokc,AlenOKC,6,"6. trening: 1 na 1 za krila, vsi 48 min, trener: 7. stopnja, mladinski trener: 7. stopnja, fitnes: 3. stopnja, trening igrišče: 3. stopnja.",image-c12a4ef5b4280ee1.png;image-5a1b1d16e824c4c3.png,2
1304415522154086401,2024-11-08T13:01:35.35+01:00,pjtr576,pjtr576 [Postojna Blue Jackets],8,"8. trening: skok za C/KC, vsi 48 min, trener: 5. stopnja, mladinski trener: 6., fitnes: 3. stopnja, trening igrišče: /.",,0
1304415603397758976,2024-11-08T13:01:54.72+01:00,pjtr576,pjtr576 [Postojna Blue Jackets],,,image-2f726e62766f173c.png,1
1304415679558062080,2024-11-08T13:02:12.878+01:00,pjtr576,pjtr576 [Postojna Blue Jackets],,,image-51e6420222c51872.png,1
1304415738722914325,2024-11-08T13:02:26.984+01:00,pjtr576,pjtr576 [Postojna Blue Jackets],,,image-05d798781c5341c6.png,1
1306955221557182565,2024-11-15T13:13:26.873+01:00,pjtr576,pjtr576 [Postojna Blue Jackets],9,"9. trening: skok za C/KC, vsi 48 min, trener: 5. stopnja, mladinski trener: 6., fitnes: 3. stopnja, trening igrišče: /.",,0
1306955299504001084,2024-11-15T13:13:45.457+01:00,pjtr576,pjtr576 [Postojna Blue Jackets],,,image-19faac00e209ab09.png,1
1306955349516881961,2024-11-15T13:13:57.381+01:00,pjtr576,pjtr576 [Postojna Blue Jackets],,,image-90cb906385390081.png,1
1306955422367748166,2024-11-15T13:14:14.75+01:00,pjtr576,pjtr576 [Postojna Blue Jackets],,,image-65e8a942cbab2270.png,1
1309489413075501067,2024-11-22T13:03:25.214+01:00,pjtr576,pjtr576 [Postojna Blue Jackets],10,"10. trening: Oviranje meta za C, vsi 48 min, trener: 5. stopnja, mladinski trener: 6., fitnes: 3. stopnja, trening igrišče: /.",,0
1309489465642848317,2024-11-22T13:03:37.747+01:00,pjtr576,pjtr576 [Postojna Blue Jackets],,,image-b03dbb26c7f54b08.png,1
1309489525629915189,2024-11-22T13:03:52.049+01:00,pjtr576,pjtr576 [Postojna Blue Jackets],,,image-5bd09702d4f1fd99.png,1
1309489586824544317,2024-11-22T13:04:06.639+01:00,pjtr576,pjtr576 [Postojna Blue Jackets],,,image-d681029bb337891d.png,1
1312027256851398757,2024-11-29T13:07:54.321+01:00,pjtr576,pjtr576 [Postojna Blue Jackets],11,"11. trening: Oviranje meta za C, vsi 48 min, trener: 5. stopnja, mladinski trener: 6., fitnes: 3. stopnja, trening igrišče: /.",,0
1312027337683898469,2024-11-29T13:08:13.593+01:00,pjtr576,pjtr576 [Postojna Blue Jackets],,,image-a3b7ce40e5d465d6.png,1
1312027422555897876,2024-11-29T13:08:33.828+01:00,pjtr576,pjtr576 [Postojna Blue Jackets],,,image-c9a4f2b3ab5113ba.png,1
1312027477345959996,2024-11-29T13:08:46.891+01:00,pjtr576,pjtr576 [Postojna Blue Jackets],,,image-bb06dcd41591d9cb.png,1
1312123237437673482,2024-11-29T19:29:17.876+01:00,alenokc,AlenOKC,10,"10. trening: Skok za C/KC, vsi 48 min, trener: 7. stopnja, mladinski trener: 7. stopnja, fitnes: 3. stopnja, trening igrišče: 3. stopnja.",image-38c64729ad3695e1.png,1
1314553828791685290,2024-12-06T12:27:36.013+01:00,pjtr576,pjtr576 [Postojna Blue Jackets],12,"12. trening: Oviranje meta za C, Plesavec 47 min, druga dva 48 min, trener: 5. stopnja, mladinski trener: 6., fitnes: 3. stopnja, trening igrišče: /.",,0
1314553909083377705,2024-12-06T12:27:55.156+01:00,pjtr576,pjtr576 [Postojna Blue Jackets],,,image-689e98837a539b24.png,1
1314553982403743745,2024-12-06T12:28:12.637+01:00,pjtr576,pjtr576 [Postojna Blue Jackets],,,image-2342e4515b65d8d8.png,1
1314554053958701118,2024-12-06T12:28:29.697+01:00,pjtr576,pjtr576 [Postojna Blue Jackets],,,image-8c23f31053af180f.png,1
1314879526203035708,2024-12-07T10:01:48.327+01:00,alenokc,AlenOKC,11,"11. trening: Blokade za C, vsi 48 min, trener: 7. stopnja, mladinski trener: 7. stopnja, fitnes: 3. stopnja, trening igrišče: 3. stopnja.",image-7014c8bebae2d2d0.png,1
1317089816432873472,2024-12-13T12:24:42.583+01:00,pjtr576,pjtr576 [Postojna Blue Jackets],13,"13. trening: Skok za C/KC, vsi 48 min, trener: 5. stopnja, mladinski trener: 6., fitnes: 3. stopnja, trening igrišče: /.",,0
1317089895755288597,2024-12-13T12:25:01.495+01:00,pjtr576,pjtr576 [Postojna Blue Jackets],,,image-3bbfe8a10052643a.png,1
1317089955461468192,2024-12-13T12:25:15.73+01:00,pjtr576,pjtr576 [Postojna Blue Jackets],,,image-57e4d2ee86f75410.png,1
1317090005671215124,2024-12-13T12:25:27.701+01:00,pjtr576,pjtr576 [Postojna Blue Jackets],,,image-faadeb96ea24567d.png,1
1317837030960533656,2024-12-15T13:53:52.409+01:00,markokrizman.,markokrizman.,,Baltazar lepo napreduje 😃,,0
1317845623738728539,2024-12-15T14:28:01.087+01:00,markokrizman.,markokrizman.,,,image0-35611f1c040b8424.jpg,1
1317930358653845516,2024-12-15T20:04:43.465+01:00,alenokc,AlenOKC,12,"12. trening: Blokade za C, vsi 48 min, trener: 7. stopnja, mladinski trener: 7. stopnja, fitnes: 3. stopnja, trening igrišče: 3. stopnja.",image-ba2b8e94aea4ddbf.png,1
1319988907718344735,2024-12-21T12:24:39.808+01:00,pjtr576,pjtr576 [Postojna Blue Jackets],14,"14. trening: Skok za C/KC, vsi 48 min, trener: 5. stopnja, mladinski trener: 6., fitnes: 3. stopnja, trening igrišče: /.",,0
1319988996796977205,2024-12-21T12:25:01.046+01:00,pjtr576,pjtr576 [Postojna Blue Jackets],,,image-f7147af37a7405b8.png,1
1319989103898660896,2024-12-21T12:25:26.581+01:00,pjtr576,pjtr576 [Postojna Blue Jackets],,,image-21b6aaece36c4f9c.png,1
1319989157543542863,2024-12-21T12:25:39.371+01:00,pjtr576,pjtr576 [Postojna Blue Jackets],,,image-704ca26a28bbacea.png,1
1322165606849708054,2024-12-27T12:34:05.322+01:00,pjtr576,pjtr576 [Postojna Blue Jackets],,"Evo, stari smo 20 oz. 19, nova runda reportov.",,0
1322165649815900235,2024-12-27T12:34:15.566+01:00,pjtr576,pjtr576 [Postojna Blue Jackets],15,"15. trening: Skok za C/KC, vsi 48 min, trener: 5. stopnja, mladinski trener: 6., fitnes: 3. stopnja, trening igrišče: /.",,0
1322165726920048682,2024-12-27T12:34:33.949+01:00,pjtr576,pjtr576 [Postojna Blue Jackets],,,image-6efa1eeb578b2322.png,1
1322165774780989521,2024-12-27T12:34:45.36+01:00,pjtr576,pjtr576 [Postojna Blue Jackets],,,image-6491d7b3043afb5d.png,1
1322165824995332109,2024-12-27T12:34:57.332+01:00,pjtr576,pjtr576 [Postojna Blue Jackets],,,image-47cd03202dab4b86.png,1
1322506225258074193,2024-12-28T11:07:35.079+01:00,alenokc,AlenOKC,14,"14. trening: Skok za KC/C, vsi 48 min, trener: 7. stopnja, mladinski trener: 7. stopnja, fitnes: 3. stopnja, trening igrišče: 3. stopnja.",image-074058d4829fb656.png,1
1324705289899081748,2025-01-03T12:45:52.946+01:00,pjtr576,pjtr576 [Postojna Blue Jackets],16,"16. trening: oviranje meta za C, vsi 48 min, trener: 5. stopnja, mladinski trener: 6., fitnes: 3. stopnja, trening igrišče: /.",,0
1324705376142229567,2025-01-03T12:46:13.508+01:00,pjtr576,pjtr576 [Postojna Blue Jackets],,,image-8e538e94c2a623fd.png,1
1324705420920750081,2025-01-03T12:46:24.184+01:00,pjtr576,pjtr576 [Postojna Blue Jackets],,,image-d120df1c6eb8798c.png,1
1324705478604754964,2025-01-03T12:46:37.937+01:00,pjtr576,pjtr576 [Postojna Blue Jackets],,,image-5ce8b00b3c59f7f8.png,1
1327238415271460885,2025-01-10T12:31:37.098+01:00,pjtr576,pjtr576 [Postojna Blue Jackets],17,"17. trening: oviranje meta za C, vsi 48 min, trener: 5. stopnja, mladinski trener: 6., fitnes: 3. stopnja, trening igrišče: /.",,0
1327247987944194060,2025-01-10T13:09:39.401+01:00,pjtr576,pjtr576 [Postojna Blue Jackets],,,image-18c77e071a1c4f95.png,1
1327248037025677363,2025-01-10T13:09:51.103+01:00,pjtr576,pjtr576 [Postojna Blue Jackets],,,image-0d75f947b086a3b1.png,1
1327248114695929867,2025-01-10T13:10:09.621+01:00,pjtr576,pjtr576 [Postojna Blue Jackets],,,image-ec5c2dd2d708910a.png,1
1329775870566596709,2025-01-17T12:34:33.584+01:00,pjtr576,pjtr576 [Postojna Blue Jackets],18,"18. trening: oviranje meta za C, vsi 48 min, trener: 5. stopnja, mladinski trener: 6., fitnes: 3. stopnja, trening igrišče: /.",,0
1329775965437427723,2025-01-17T12:34:56.203+01:00,pjtr576,pjtr576 [Postojna Blue Jackets],,,image-7f44ec67df58b598.png,1
1329776040746291200,2025-01-17T12:35:14.158+01:00,pjtr576,pjtr576 [Postojna Blue Jackets],,,image-947925ad2159daf3.png,1
1329776224058343507,2025-01-17T12:35:57.863+01:00,pjtr576,pjtr576 [Postojna Blue Jackets],,,image-d2704851e33115cf.png,1
1331873086479274077,2025-01-23T07:28:08.822+01:00,alenokc,AlenOKC,17,"17. trening: Met pod košem za C, vsi 48 min, trener: 7. stopnja, mladinski trener: 7. stopnja, fitnes: 3. stopnja, trening igrišče: 3. stopnja.",image-0ddc1aac7e0c4823.png,1
1332961513085993122,2025-01-26T07:33:09.947+01:00,pjtr576,pjtr576 [Postojna Blue Jackets],19,"19. trening: oviranje meta za C, vsi 48 min, trener: 5. stopnja, mladinski trener: 6., fitnes: 3. stopnja, trening igrišče: /.",,0
1332961784096882699,2025-01-26T07:34:14.561+01:00,pjtr576,pjtr576 [Postojna Blue Jackets],,,image-c6b114c0b7a7d1c1.png,1
1332961827809923124,2025-01-26T07:34:24.983+01:00,pjtr576,pjtr576 [Postojna Blue Jackets],,,image-622ef4aa39438c56.png,1
1332961882520293397,2025-01-26T07:34:38.027+01:00,pjtr576,pjtr576 [Postojna Blue Jackets],,,image-2d840f598832b534.png,1
1334222617023877150,2025-01-29T19:04:20.556+01:00,alenokc,AlenOKC,18,"18. trening: Met pod košem za C, vsi 48 min, trener: 7. stopnja, mladinski trener: 7. stopnja, fitnes: 3. stopnja, trening igrišče: 3. stopnja.",image-f25c65ea9ac29cea.png,1
1334846599859408961,2025-01-31T12:23:49.657+01:00,pjtr576,pjtr576 [Postojna Blue Jackets],20,"20. trening: oviranje meta za C, vsi 48 min, trener: 5. stopnja, mladinski trener: 6., fitnes: 3. stopnja, trening igrišče: /.",,0
1334846692159258715,2025-01-31T12:24:11.663+01:00,pjtr576,pjtr576 [Postojna Blue Jackets],,,image-902006d823782b2c.png,1
1334846729442562148,2025-01-31T12:24:20.552+01:00,pjtr576,pjtr576 [Postojna Blue Jackets],,,image-583d065165cf6fa5.png,1
1334846773243416577,2025-01-31T12:24:30.995+01:00,pjtr576,pjtr576 [Postojna Blue Jackets],,,image-a7ba2979d48caf20.png,1
1337057411776643083,2025-02-06T14:48:48.293+01:00,alenokc,AlenOKC,19,"19. trening: Met pod košem za C, vsi 48 min, trener: 7. stopnja, mladinski trener: 7. stopnja, fitnes: 3. stopnja, trening igrišče: 3. stopnja.",image-dd400924700738c6.png,1
1337388264402976818,2025-02-07T12:43:29.706+01:00,pjtr576,pjtr576 [Postojna Blue Jackets],21,"21. trening: oviranje meta za C, vsi 48 min, trener: 5. stopnja, mladinski trener: 6., fitnes: 3. stopnja, trening igrišče: /.",,0
1337388364873334827,2025-02-07T12:43:53.66+01:00,pjtr576,pjtr576 [Postojna Blue Jackets],,,image-eced582fe122dc44.png,1
1337388437879128074,2025-02-07T12:44:11.066+01:00,pjtr576,pjtr576 [Postojna Blue Jackets],,,image-398f9755c6eaceb4.png,1
1337388507798175795,2025-02-07T12:44:27.736+01:00,pjtr576,pjtr576 [Postojna Blue Jackets],,,image-0e0cb33132322ef1.png,1
1339940025743310868,2025-02-14T13:43:17.019+01:00,pjtr576,pjtr576 [Postojna Blue Jackets],22,"22. trening: skok za C/KC, vsi 48 min, trener: 5. stopnja, mladinski trener: 6., fitnes: 3. stopnja, trening igrišče: /.",,0
1339940170081767546,2025-02-14T13:43:51.432+01:00,pjtr576,pjtr576 [Postojna Blue Jackets],,,image-587ede96edfc565b.png,1
1339940872019640423,2025-02-14T13:46:38.787+01:00,pjtr576,pjtr576 [Postojna Blue Jackets],,,image-a29b3846aef34972.png,1
1339941984936267968,2025-02-14T13:51:04.127+01:00,pjtr576,pjtr576 [Postojna Blue Jackets],,,image-27d93725b131260c.png,1
1340379816368537652,2025-02-15T18:50:51.275+01:00,alenokc,AlenOKC,21,"21. trening: Skok za C/KC, vsi 48 min, trener: 7. stopnja, mladinski trener: 7. stopnja, fitnes: 3. stopnja, trening igrišče: 3. stopnja.",image-07b2d2484b4a2d16.png,1
1342840185661947904,2025-02-22T13:47:29.026+01:00,pjtr576,pjtr576 [Postojna Blue Jackets],23,"23. trening: oviranje meta za C, Ostrovršnik 46 min (poln trening?), Plesavec in Piršič 48 min, trener: 5. stopnja, mladinski trener: 6., fitnes: 3. stopnja, trening igrišče: /.",,0
1342840270286229585,2025-02-22T13:47:49.202+01:00,pjtr576,pjtr576 [Postojna Blue Jackets],,,image-18a1037b2bdb7b08.png,1
1342840322933264436,2025-02-22T13:48:01.754+01:00,pjtr576,pjtr576 [Postojna Blue Jackets],,,image-1d3f999eefe6f187.png,1
1342840374724399117,2025-02-22T13:48:14.102+01:00,pjtr576,pjtr576 [Postojna Blue Jackets],,,image-698148069f26e586.png,1
1344993533903503371,2025-02-28T12:24:07.254+01:00,pjtr576,pjtr576 [Postojna Blue Jackets],24,"24. trening: oviranje meta za C, vsi poln trening, trener: 5. stopnja, mladinski trener: 6., fitnes: 3. stopnja, trening igrišče: /.",,0
1344993656326848643,2025-02-28T12:24:36.442+01:00,pjtr576,pjtr576 [Postojna Blue Jackets],,,image-5feee48f08553f3b.png,1
1344993703445659688,2025-02-28T12:24:47.676+01:00,pjtr576,pjtr576 [Postojna Blue Jackets],,,image-0ee1b69302d980d4.png,1
1344993754305662979,2025-02-28T12:24:59.802+01:00,pjtr576,pjtr576 [Postojna Blue Jackets],,,image-d09588a10ae51f1c.png,1
1347529705657733153,2025-03-07T12:21:57.72+01:00,pjtr576,pjtr576 [Postojna Blue Jackets],25,"25. trening: OPK za C, Plesavec in Ostroveršnik poln trening, Piršič 38 minut, trener: 5. stopnja, mladinski trener: 6., fitnes: 3. stopnja, trening igrišče: /.",,0
1347529759000891453,2025-03-07T12:22:10.438+01:00,pjtr576,pjtr576 [Postojna Blue Jackets],,,image-073d51dc1a47eaea.png,1
1347529802328047688,2025-03-07T12:22:20.768+01:00,pjtr576,pjtr576 [Postojna Blue Jackets],,,image-ffe67ef22d86c8d5.png,1
1347529865091485798,2025-03-07T12:22:35.732+01:00,pjtr576,pjtr576 [Postojna Blue Jackets],,,image-27530a39a53b767c.png,1
1350066475402006679,2025-03-14T12:22:10.758+01:00,pjtr576,pjtr576 [Postojna Blue Jackets],26,"26. trening: OPK za C, vsi 48 minut, trener: 5. stopnja, mladinski trener: 6., fitnes: 3. stopnja, trening igrišče: /.",,0
1350066534239699005,2025-03-14T12:22:24.786+01:00,pjtr576,pjtr576 [Postojna Blue Jackets],,,image-174c9cbf31bbebb2.png,1
1350066583845994526,2025-03-14T12:22:36.613+01:00,pjtr576,pjtr576 [Postojna Blue Jackets],,,image-e7a3d103885bf206.png,1
1350066645611188254,2025-03-14T12:22:51.339+01:00,pjtr576,pjtr576 [Postojna Blue Jackets],,,image-58f16c6046a33397.png,1
1350115321364611205,2025-03-14T15:36:16.543+01:00,alenokc,AlenOKC,,"trening: MPK za C, 2x 48 min, Koštomaj 26 min, trener: 7. stopnja, mladinski trener: 7. stopnja, fitnes: 3. stopnja, trening igrišče: 3. stopnja.",image-582bbf282861f421.png,1
1352592114915217480,2025-03-21T11:38:10.142+01:00,pjtr576,pjtr576 [Postojna Blue Jackets],27,"27. trening: OPK za C, vsi 48 minut, trener: 5. stopnja, mladinski trener: 6., fitnes: 3. stopnja, trening igrišče: /.",,0
1352592193331662901,2025-03-21T11:38:28.838+01:00,pjtr576,pjtr576 [Postojna Blue Jackets],,,image-a663c8dad7073fc3.png,1
1352592248147279872,2025-03-21T11:38:41.907+01:00,pjtr576,pjtr576 [Postojna Blue Jackets],,,image-3f858eff5569d9ad.png,1
1352592299993071697,2025-03-21T11:38:54.268+01:00,pjtr576,pjtr576 [Postojna Blue Jackets],,,image-8c41fdb20c84e70f.png,1
1355125673265729536,2025-03-28T11:25:37.524+01:00,pjtr576,pjtr576 [Postojna Blue Jackets],28,"28. trening: skok za C/KC, vsi 48 minut, trener: 5. stopnja, mladinski trener: 6., fitnes: 3. stopnja, trening igrišče: /.",,0
1355125725887332472,2025-03-28T11:25:50.07+01:00,pjtr576,pjtr576 [Postojna Blue Jackets],,,image-8521c036730db6aa.png,1
1355125790601121913,2025-03-28T11:26:05.499+01:00,pjtr576,pjtr576 [Postojna Blue Jackets],,,image-61cc8af0ab56be70.png,1
1355125851565592668,2025-03-28T11:26:20.034+01:00,pjtr576,pjtr576 [Postojna Blue Jackets],,,image-9ef5bf4b551b41a9.png,1
1355127877565284372,2025-03-28T11:34:23.07+01:00,alenokc,AlenOKC,27,"27.trening: Skok za C/KC, 3x 48 min, trener: 7. stopnja, mladinski trener: 7. stopnja, fitnes: 3. stopnja, trening igrišče: 3. stopnja.",image-462f6c7d3ca79474.png,1
1357668265769439312,2025-04-04T12:48:58.816+02:00,pjtr576,pjtr576 [Postojna Blue Jackets],29,"29. trening: skok za C/KC, vsi 48 minut, trener: 5. stopnja., fitnes: 3. stopnja, trening igrišče: /.",,0
1357668320563822674,2025-04-04T12:49:11.88+02:00,pjtr576,pjtr576 [Postojna Blue Jackets],,,image-3f18a28dbe452ef8.png,1
1357668391015415901,2025-04-04T12:49:28.677+02:00,pjtr576,pjtr576 [Postojna Blue Jackets],,,image-81f52f0c312881f0.png,1
1357668437002027080,2025-04-04T12:49:39.641+02:00,pjtr576,pjtr576 [Postojna Blue Jackets],,,image-14c1379b97cb9e19.png,1
1360198739087851635,2025-04-11T12:24:10.669+02:00,pjtr576,pjtr576 [Postojna Blue Jackets],30,"30. trening: OPK za C, vsi 48 minut, trener: 5. stopnja., fitnes: 3. stopnja, trening igrišče: /.",,0
1360198808553656432,2025-04-11T12:24:27.231+02:00,pjtr576,pjtr576 [Postojna Blue Jackets],,,image-401643c02c12b716.png,1
1360198851931275325,2025-04-11T12:24:37.573+02:00,pjtr576,pjtr576 [Postojna Blue Jackets],,,image-2d45c9eaa99e338b.png,1
1360198899863785625,2025-04-11T12:24:49.001+02:00,pjtr576,pjtr576 [Postojna Blue Jackets],,,image-7095949781c9fa5a.png,1
1360237099902566401,2025-04-11T14:56:36.6+02:00,alenokc,AlenOKC,29,"29.trening: MPK za C, 3x 48 min, trener: 7. stopnja, mladinski trener: 7. stopnja, fitnes: 3. stopnja, trening igrišče: 3. stopnja.",image-9108916be55efdf6.png,1
1362738433637875886,2025-04-18T12:36:01.035+02:00,pjtr576,pjtr576 [Postojna Blue Jackets],31,"31. trening: OPK za C, vsi 48 minut, trener: 5. stopnja., fitnes: 3. stopnja, trening igrišče: /.",,0
1362738495579230308,2025-04-18T12:36:15.803+02:00,pjtr576,pjtr576 [Postojna Blue Jackets],,,image-0325dc48104984e9.png,1
1362738534485725226,2025-04-18T12:36:25.079+02:00,pjtr576,pjtr576 [Postojna Blue Jackets],,,image-3d21f84d4559ceee.png,1
1362738579800981544,2025-04-18T12:36:35.883+02:00,pjtr576,pjtr576 [Postojna Blue Jackets],,,image-0120549da9805504.png,1
1362738911683547277,2025-04-18T12:37:55.01+02:00,alenokc,AlenOKC,30,"30.trening: MPK za C, 3x 48 min, trener: 7. stopnja, mladinski trener: 7. stopnja, fitnes: 3. stopnja, trening igrišče: 3. stopnja.",image0-e4cc1534276665dc.jpg,1
1365271528081461258,2025-04-25T12:21:37.813+02:00,pjtr576,pjtr576 [Postojna Blue Jackets],32,"32. trening: podajanje za OI, Piršič 48 minut, Ostroveršnik 46 minut, Plesavec poškodovan, trener: 5. stopnja., fitnes: 3. stopnja, trening igrišče: /.",,0
1365271605047070830,2025-04-25T12:21:56.163+02:00,pjtr576,pjtr576 [Postojna Blue Jackets],,,image-0d2653f27b87b995.png,1
1365271665659088907,2025-04-25T12:22:10.614+02:00,pjtr576,pjtr576 [Postojna Blue Jackets],,,image-1971fffe44b98413.png,1
1365271715692810282,2025-04-25T12:22:22.543+02:00,pjtr576,pjtr576 [Postojna Blue Jackets],,,image-e719c74e5844ef8d.png,1
1367824245618511942,2025-05-02T13:25:13.101+02:00,alenokc,AlenOKC,32,"32.trening: OPK za C, 3x 48 min, trener: 7. stopnja, mladinski trener: 7. stopnja, fitnes: 3. stopnja, trening igrišče: 3. stopnja.",image-647bb28c3ea78961.png,1
1368519489678737428,2025-05-04T11:27:52.202+02:00,pjtr576,pjtr576 [Postojna Blue Jackets],33,"33. trening: podajanje za OI, Piršič in Plesavec 48 minut, Ostroveršnik 46 minut, trener: 5. stopnja., fitnes: 3. stopnja, trening igrišče: /.",,0
1368519571115343972,2025-05-04T11:28:11.618+02:00,pjtr576,pjtr576 [Postojna Blue Jackets],,,image-d5e50006489875c7.png,1
1368519630619934741,2025-05-04T11:28:25.805+02:00,pjtr576,pjtr576 [Postojna Blue Jackets],,,image-552f659da79d6a4b.png,1
1368519683128692766,2025-05-04T11:28:38.324+02:00,pjtr576,pjtr576 [Postojna Blue Jackets],,,image-0c6bf61c7732feaf.png,1
1370345071064518718,2025-05-09T12:22:04.722+02:00,pjtr576,pjtr576 [Postojna Blue Jackets],34,"34. trening: podajanje za OI, vsi 48 minut, trener: 5. stopnja., fitnes: 3. stopnja, trening igrišče: /.",,0
1370345139377012776,2025-05-09T12:22:21.009+02:00,pjtr576,pjtr576 [Postojna Blue Jackets],,,image-61926dc7f64a3ad0.png,1
1370345195027173406,2025-05-09T12:22:34.277+02:00,pjtr576,pjtr576 [Postojna Blue Jackets],,,image-6516ae303f013995.png,1
1370345244650111056,2025-05-09T12:22:46.108+02:00,pjtr576,pjtr576 [Postojna Blue Jackets],,,image-78023aa9e78e1bb8.png,1
1372882852764581909,2025-05-16T12:26:19.029+02:00,pjtr576,pjtr576 [Postojna Blue Jackets],35,"35. trening: podajanje za OI, Piršič in Plesavec 48 minut, Ostroveršnik 46 minut, trener: 5. stopnja., fitnes: 3. stopnja, trening igrišče: /.",,0
1372882913330335805,2025-05-16T12:26:33.469+02:00,pjtr576,pjtr576 [Postojna Blue Jackets],,,image-d9afabc25857b7cf.png,1
1372882993554657401,2025-05-16T12:26:52.596+02:00,pjtr576,pjtr576 [Postojna Blue Jackets],,,image-b13f9472fcc58cf5.png,1
1372883049284505681,2025-05-16T12:27:05.883+02:00,pjtr576,pjtr576 [Postojna Blue Jackets],,,image-436cf1a6182ed55e.png,1
1374117614158352576,2025-05-19T22:12:49.086+02:00,alenokc,AlenOKC,34,"34.trening: OPK za C, 3x 48 min, trener: 7. stopnja, mladinski trener: 7. stopnja, fitnes: 3. stopnja, trening igrišče: 3. stopnja.",image-3fcd1b543fa161d6.png,1
1375421970140889170,2025-05-23T12:35:51.786+02:00,pjtr576,pjtr576 [Postojna Blue Jackets],36,"36. trening: oviranje meta za C, Plesavec 48 minut, Ostroveršnik 46 minut, Piršič poškodovan, trener: 5. stopnja., fitnes: 3. stopnja, trening igrišče: /.",,0
1375422033545920653,2025-05-23T12:36:06.903+02:00,pjtr576,pjtr576 [Postojna Blue Jackets],,,image-4f936e69f5dafab3.png,1
1375422092102602772,2025-05-23T12:36:20.864+02:00,pjtr576,pjtr576 [Postojna Blue Jackets],,,image-3b32d4d7decc9d99.png,1
1375422132724568106,2025-05-23T12:36:30.549+02:00,pjtr576,pjtr576 [Postojna Blue Jackets],,,image-ca695514002879a3.png,1
1376873756495970314,2025-05-27T12:44:44.626+02:00,alenokc,AlenOKC,35,"35.trening: 1 na 1 za krila, 2x 48 min, Gojc Jalovec 44 min, trener: 7. stopnja, mladinski trener: 7. stopnja, fitnes: 3. stopnja, trening igrišče: 3. stopnja.",image-7074e8948bb60091.png,1
1377955151176011940,2025-05-30T12:21:49.209+02:00,pjtr576,pjtr576 [Postojna Blue Jackets],37,"37. trening: obramba pod košem za C, vsi 48 minut, trener: 5. stopnja., fitnes: 3. stopnja, trening igrišče: /.",,0
1377955208851619871,2025-05-30T12:22:02.96+02:00,pjtr576,pjtr576 [Postojna Blue Jackets],,,image-dabd2606646d58b0.png,1
1377955278552698931,2025-05-30T12:22:19.578+02:00,pjtr576,pjtr576 [Postojna Blue Jackets],,,image-c6fd83e89863bf7d.png,1
1377955358936662067,2025-05-30T12:22:38.743+02:00,pjtr576,pjtr576 [Postojna Blue Jackets],,,image-aff6a53b2c0f26be.png,1
1380491750455513148,2025-06-06T12:21:21.605+02:00,pjtr576,pjtr576 [Postojna Blue Jackets],38,"38. trening: obramba pod košem za C, vsi 48 minut, trener: 5. stopnja., fitnes: 3. stopnja, trening igrišče: /.",,0
1380491814951321712,2025-06-06T12:21:36.982+02:00,pjtr576,pjtr576 [Postojna Blue Jackets],,,image-4ec92245a283b9d6.png,1
1380491869112238180,2025-06-06T12:21:49.895+02:00,pjtr576,pjtr576 [Postojna Blue Jackets],,,image-7f82c6da252807ea.png,1
1380491934975393813,2025-06-06T12:22:05.598+02:00,pjtr576,pjtr576 [Postojna Blue Jackets],,,image-8bf2da71a177bf82.png,1
1382024727211802837,2025-06-10T17:52:51.745+02:00,alenokc,AlenOKC,37,"37.trening: Podaje za OI, 3x 48 min, trener: 7. stopnja, mladinski trener: 7. stopnja, fitnes: 3. stopnja, trening igrišče: 3. stopnja.",image-6cd04887af56c222.png,1
1382761661831843860,2025-06-12T18:41:10.65+02:00,delonche,delonche,,,Screenshot_20250612_184016_Chrome-ca49be037b6d4cc1.jpg,1
1382761691221196914,2025-06-12T18:41:17.657+02:00,delonche,delonche,,,Screenshot_20250612_184036_Chrome-a4a046e8546e4333.jpg,1
1382761710707933267,2025-06-12T18:41:22.303+02:00,delonche,delonche,,,Screenshot_20250612_184054_Chrome-ade828506a8f60c7.jpg,1
1383030939667665039,2025-06-13T12:31:11.489+02:00,pjtr576,pjtr576 [Postojna Blue Jackets],39,"39. trening: obramba pod košem za C, vsi 48 minut, trener: 5. stopnja., fitnes: 3. stopnja, trening igrišče: /.",,0
1383031046349783102,2025-06-13T12:31:36.924+02:00,pjtr576,pjtr576 [Postojna Blue Jackets],,,image-12f0393e870079ad.png,1
1383031102087762030,2025-06-13T12:31:50.213+02:00,pjtr576,pjtr576 [Postojna Blue Jackets],,,image-15d65adb298275c4.png,1
1383031159226634332,2025-06-13T12:32:03.836+02:00,pjtr576,pjtr576 [Postojna Blue Jackets],,,image-e6ad68cae4ae1cc4.png,1
1383069768948649984,2025-06-13T15:05:29.111+02:00,alenokc,AlenOKC,38,"38.trening: Podaje za OI, 3x 48 min, trener: 7. stopnja, fitnes: 3. stopnja, trening igrišče: 3. stopnja.",image-1fa53fe750addd1e.png,1
1385573532364439652,2025-06-20T12:54:32.827+02:00,pjtr576,pjtr576 [Postojna Blue Jackets],40,"40. trening: obramba pod košem za C, vsi 48 minut, trener: 5. stopnja., fitnes: 3. stopnja, trening igrišče: /.",,0
1385573607626903572,2025-06-20T12:54:50.771+02:00,pjtr576,pjtr576 [Postojna Blue Jackets],,,image-37cf101a3f48bc01.png,1
1385573662572417065,2025-06-20T12:55:03.871+02:00,pjtr576,pjtr576 [Postojna Blue Jackets],,,image-8bee0e370c34a8c4.png,1
1385573727571415121,2025-06-20T12:55:19.368+02:00,pjtr576,pjtr576 [Postojna Blue Jackets],,,image-9269627c067ce2c8.png,1
1385915148895522888,2025-06-21T11:32:00.555+02:00,alenokc,AlenOKC,39,"39.trening: Podaje za OI, 3x 48 min, trener: 7. stopnja, fitnes: 3. stopnja, trening igrišče: 3. stopnja.",image-d006fb9b2e33f2a8.png,1
1388102089607221258,2025-06-27T12:22:07.852+02:00,pjtr576,pjtr576 [Postojna Blue Jackets],41,"41. trening: obramba pod košem za C, vsi 48 minut, trener: 5. stopnja., fitnes: 3. stopnja, trening igrišče: /.",,0
1388102151632453662,2025-06-27T12:22:22.64+02:00,pjtr576,pjtr576 [Postojna Blue Jackets],,,image-c6e0183b6b005b95.png,1
1388102229029949510,2025-06-27T12:22:41.093+02:00,pjtr576,pjtr576 [Postojna Blue Jackets],,,image-8ac10a44b57b7d03.png,1
1388102273279983616,2025-06-27T12:22:51.643+02:00,pjtr576,pjtr576 [Postojna Blue Jackets],,,image-c4bbc98224f9b6a4.png,1
1388112869421351004,2025-06-27T13:04:57.96+02:00,alenokc,AlenOKC,40,"40.trening: Podaje za OI, 3x 48 min, trener: 7. stopnja, fitnes: 3. stopnja, trening igrišče: 3. stopnja.",image-b304afdd76e3ca0f.png,1
1390641157599399967,2025-07-04T12:31:28.835+02:00,pjtr576,pjtr576 [Postojna Blue Jackets],42,"42. trening: podajanje za OI, oba 48 minut, trener: 5. stopnja., fitnes: 3. stopnja, trening igrišče: /.",,0
1390641207360618546,2025-07-04T12:31:40.699+02:00,pjtr576,pjtr576 [Postojna Blue Jackets],,,image-e0068af33de65d40.png,1
1390641243154944060,2025-07-04T12:31:49.233+02:00,pjtr576,pjtr576 [Postojna Blue Jackets],,,image-8862f47075210033.png,1
1391707278146539572,2025-07-07T11:07:51.781+02:00,alenokc,AlenOKC,41,"41.trening: 1na1 za krila, 3x 48 min, trener: 7. stopnja, fitnes: 3. stopnja, trening igrišče: 3. stopnja.",image-534bd1b927922d29.png,1
1393176126255398963,2025-07-11T12:24:32.46+02:00,pjtr576,pjtr576 [Postojna Blue Jackets],43,"43. trening: podajanje za OI, oba 48 minut, trener: 5. stopnja., fitnes: 3. stopnja, trening igrišče: /.",,0
1393176178499522624,2025-07-11T12:24:44.916+02:00,pjtr576,pjtr576 [Postojna Blue Jackets],,,image-935adb3625f12b36.png,1
1393176226687881268,2025-07-11T12:24:56.405+02:00,pjtr576,pjtr576 [Postojna Blue Jackets],,,image-265ab6eede76c82f.png,1
1393517589526872104,2025-07-12T11:01:23.648+02:00,alenokc,AlenOKC,42,"42.trening: 1na1 za krila, 3x 48 min, trener: 7. stopnja, fitnes: 3. stopnja, trening igrišče: 3. stopnja.",image-191d60d97262549a.png,1
1395742130353213631,2025-07-18T14:20:55.511+02:00,pjtr576,pjtr576 [Postojna Blue Jackets],44,"44. trening: podajanje za OI, oba 48 minut, trener: 5. stopnja, fitnes: 3. stopnja, trening igrišče: /.",,0
1395742206953787392,2025-07-18T14:21:13.774+02:00,pjtr576,pjtr576 [Postojna Blue Jackets],,,image-7fb12bd1102532b1.png,1
1395742249421373521,2025-07-18T14:21:23.899+02:00,pjtr576,pjtr576 [Postojna Blue Jackets],,,image-a235ba528a79d8ff.png,1
1398439930648203398,2025-07-26T01:01:01.224+02:00,pjtr576,pjtr576 [Postojna Blue Jackets],45,"45. trening: podajanje za OI, Plesavec 48, Ostroveršnik 46 minut, trener: 6. stopnja, fitnes: 3. stopnja, trening igrišče: /.",,0
1398440751607713802,2025-07-26T01:04:16.956+02:00,pjtr576,pjtr576 [Postojna Blue Jackets],,,Screenshot_20250725_190353_Chrome-ff82a1f38c0e9b69.jpg,1
1399658626725052466,2025-07-29T09:43:41.011+02:00,alenokc,AlenOKC,44,"44.trening: OPK za C, 3x 48 min, trener: 7. stopnja, fitnes: 3. stopnja, trening igrišče: 3. stopnja.",image-3b7a4b1ed139e7f2.png,1
1400847159376744448,2025-08-01T16:26:29.277+02:00,pjtr576,pjtr576 [Postojna Blue Jackets],46,"46. trening: podaje za OI, Plesavec 48 minut. Ostroveršnik 46 minut, trener: 6. stopnja, fitnes: 3. stopnja, trening igrišče: /.",,0
1400847178553102346,2025-08-01T16:26:33.849+02:00,pjtr576,pjtr576 [Postojna Blue Jackets],,,Screenshot_20250801_092419_Chrome-41f0d5c1bafac6c6.jpg,1
1403341674603876435,2025-08-08T13:38:48.053+02:00,alenokc,AlenOKC,46,"46.trening: OPK za C, 3x 48 min, trener: 7. stopnja, fitnes: 3. stopnja, trening igrišče: 3. stopnja.",image-1679f7663c65854c.png,1
1403341809265934498,2025-08-08T13:39:20.159+02:00,pjtr576,pjtr576 [Postojna Blue Jackets],47,"47. trening: oviranje meta za C, oba 48 minut, trener: 6. stopnja, fitnes: 3. stopnja, trening igrišče: /.",,0
1403341825967657002,2025-08-08T13:39:24.141+02:00,pjtr576,pjtr576 [Postojna Blue Jackets],,,Screenshot_20250808_072432_Chrome-aaf0d1ca372ada31.jpg,1
1405860583609208933,2025-08-15T12:28:02.759+02:00,pjtr576,pjtr576 [Postojna Blue Jackets],48,"48. trening: oviranje meta za C, oba 48 minut, trener: 6. stopnja, fitnes: 3. stopnja, trening igrišče: /.",,0
1405860605864181840,2025-08-15T12:28:08.065+02:00,pjtr576,pjtr576 [Postojna Blue Jackets],,,Screenshot_20250815_122629_Chrome-5d51a1872a17d1d9.jpg,1
1408414984811053116,2025-08-22T13:38:19.464+02:00,pjtr576,pjtr576 [Postojna Blue Jackets],49,"49. trening: oviranje meta za C, oba 48 minut, trener: 6. stopnja, fitnes: 3. stopnja, trening igrišče: /.",,0
1408415088041529466,2025-08-22T13:38:44.076+02:00,pjtr576,pjtr576 [Postojna Blue Jackets],,,image-b24d394e8b654275.png,1
1410934239825887307,2025-08-29T12:28:56.665+02:00,pjtr576,pjtr576 [Postojna Blue Jackets],50,"50. trening: skok za C/KC, oba 48 minut, trener: 6. stopnja, fitnes: 3. stopnja, trening igrišče: /.",,0
1410934316439044169,2025-08-29T12:29:14.931+02:00,pjtr576,pjtr576 [Postojna Blue Jackets],,,image-c284564a5d9ded26.png,1
1410934336353472564,2025-08-29T12:29:19.679+02:00,pjtr576,pjtr576 [Postojna Blue Jackets],,,image-a9b7c672a297b2e0.png,1
1416007437739360316,2025-09-12T12:28:01.303+02:00,pjtr576,pjtr576 [Postojna Blue Jackets],51,"51. trening: oviranje meta za C, oba 48 minut, trener: 6. stopnja, fitnes: 3. stopnja, trening igrišče: /.",,0
1416007539405099098,2025-09-12T12:28:25.542+02:00,pjtr576,pjtr576 [Postojna Blue Jackets],,,image-ddb3e4293c96a5ed.png,1
1416007586834022400,2025-09-12T12:28:36.85+02:00,pjtr576,pjtr576 [Postojna Blue Jackets],,,image-deaf668d1fedbe2d.png,1
1416007667931156480,2025-09-12T12:28:56.185+02:00,pjtr576,pjtr576 [Postojna Blue Jackets],52,"52. trening: obramba pod košem za C, oba 48 minut, treneg: 6. stopnja, fitnes: 3. stopnja, trening igrišče: /.",,0
1416007720774930533,2025-09-12T12:29:08.784+02:00,pjtr576,pjtr576 [Postojna Blue Jackets],,,image-c485b78e545fea05.png,1
1418546620160806942,2025-09-19T12:37:49.568+02:00,pjtr576,pjtr576 [Postojna Blue Jackets],53,"53. trening: blokade za C, oba 48 minut, trener: 6. stopnja, fitnes: 3. stopnja, trening igrišče: /.",,0
1418546665681584138,2025-09-19T12:38:00.421+02:00,pjtr576,pjtr576 [Postojna Blue Jackets],,,image-e7f011b0ca27619e.png,1
